FID,id,centroids
stednavn_flade.fid-7af2ebb0_1482643ff9f_-44cb,534,POINT (12.5802945902387 55.67426509455365)
stednavn_flade.fid-7af2ebb0_1482643ff9f_-44ca,460,POINT (12.55808466063812 55.67452821964581)
stednavn_flade.fid-7af2ebb0_1482643ff9f_-44c9,554,POINT (12.59111167638243 55.65963090606804)
stednavn_flade.fid-7af2ebb0_1482643ff9f_-44c8,511,POINT (12.5921817658735 55.6837863548862)
stednavn_flade.fid-7af2ebb0_1482643ff9f_-44c7,496,POINT (12.59228242043475 55.68612058350929)
stednavn_flade.fid-7af2ebb0_1482643ff9f_-44c6,607,POINT (12.59124177929709 55.67580077866565)
stednavn_flade.fid-7af2ebb0_1482643ff9f_-44c5,548,POINT (12.57496635623803 55.67469165074257)
stednavn_flade.fid-7af2ebb0_1482643ff9f_-44c4,624,POINT (12.58198920216461 55.67402913003475)
stednavn_flade.fid-7af2ebb0_1482643ff9f_-44c3,918,POINT (12.50762761306523 55.64029731526569)
stednavn_flade.fid-7af2ebb0_1482643ff9f_-44c2,1146,POINT (12.530328946557 55.64520481777679)
stednavn_flade.fid-7af2ebb0_1482643ff9f_-44c1,164489,POINT (12.55523637122031 55.70227277367263)
stednavn_flade.fid-7af2ebb0_1482643ff9f_-44c0,1425,POINT (12.58561386521488 55.63341408401097)
stednavn_flade.fid-7af2ebb0_1482643ff9f_-44bf,3514,POINT (12.50336097120769 55.64982365528719)
stednavn_flade.fid-7af2ebb0_1482643ff9f_-44be,2785,POINT (12.49864358045181 55.64946057687456)
stednavn_flade.fid-7af2ebb0_1482643ff9f_-44bd,2797,POINT (12.50134259056065 55.64983722695854)
stednavn_flade.fid-7af2ebb0_1482643ff9f_-44bc,2147,POINT (12.48406554041126 55.65817491666799)
stednavn_flade.fid-7af2ebb0_1482643ff9f_-44bb,1105,POINT (12.54730546129913 55.63590669558351)
stednavn_flade.fid-7af2ebb0_1482643ff9f_-44ba,2552,POINT (12.50317239627036 55.66019812299708)
stednavn_flade.fid-7af2ebb0_1482643ff9f_-44b9,5095,POINT (12.515826249488 55.65982130004807)
stednavn_flade.fid-7af2ebb0_1482643ff9f_-44b8,4484,POINT (12.51948052657072 55.65721112593093)
stednavn_flade.fid-7af2ebb0_1482643ff9f_-44b7,5162,POINT (12.48265354913643 55.6650780835623)
stednavn_flade.fid-7af2ebb0_1482643ff9f_-44b6,4412,POINT (12.50183066182029 55.65908871323035)
stednavn_flade.fid-7af2ebb0_1482643ff9f_-44b5,3722,POINT (12.48780175753831 55.65581028723542)
stednavn_flade.fid-7af2ebb0_1482643ff9f_-44b4,3542,POINT (12.51100669662657 55.65246815779107)
stednavn_flade.fid-7af2ebb0_1482643ff9f_-44b3,5029,POINT (12.51931864808695 55.66001937441179)
stednavn_flade.fid-7af2ebb0_1482643ff9f_-44b2,4270,POINT (12.48934264289265 55.65877621297853)
stednavn_flade.fid-7af2ebb0_1482643ff9f_-44b1,7210,POINT (12.49318538736468 55.66605787364586)
stednavn_flade.fid-7af2ebb0_1482643ff9f_-44b0,214,POINT (12.53769149882929 55.72638964165958)
stednavn_flade.fid-7af2ebb0_1482643ff9f_-44af,7723,POINT (12.50999268594088 55.66451269591862)
stednavn_flade.fid-7af2ebb0_1482643ff9f_-44ae,10393,POINT (12.54586853289982 55.65631748374888)
stednavn_flade.fid-7af2ebb0_1482643ff9f_-44ad,9336,POINT (12.53795245494324 55.65717606878103)
stednavn_flade.fid-7af2ebb0_1482643ff9f_-44ac,9398,POINT (12.52822063901012 55.64669743829499)
stednavn_flade.fid-7af2ebb0_1482643ff9f_-44ab,9506,POINT (12.53489034564643 55.64733755895905)
stednavn_flade.fid-7af2ebb0_1482643ff9f_-44aa,9802,POINT (12.53414230604346 55.65073357603589)
stednavn_flade.fid-7af2ebb0_1482643ff9f_-44a9,9474,POINT (12.52983272724971 55.6467537505393)
stednavn_flade.fid-7af2ebb0_1482643ff9f_-44a8,8313,POINT (12.51557083090109 55.66507300825543)
stednavn_flade.fid-7af2ebb0_1482643ff9f_-44a7,7744,POINT (12.50907441000157 55.66225675309484)
stednavn_flade.fid-7af2ebb0_1482643ff9f_-44a6,8600,POINT (12.4903958421163 55.67207399988646)
stednavn_flade.fid-7af2ebb0_1482643ff9f_-44a5,8288,POINT (12.50643099930942 55.66597444142633)
stednavn_flade.fid-7af2ebb0_1482643ff9f_-44a4,8162,POINT (12.50424733973796 55.66621906672923)
stednavn_flade.fid-7af2ebb0_1482643ff9f_-44a3,10958,POINT (12.5375963412281 55.66141913891101)
stednavn_flade.fid-7af2ebb0_1482643ff9f_-44a2,10983,POINT (12.54511115244349 55.6677170565595)
stednavn_flade.fid-7af2ebb0_1482643ff9f_-44a1,10997,POINT (12.53939477283991 55.66474558063154)
stednavn_flade.fid-7af2ebb0_1482643ff9f_-44a0,11166,POINT (12.52216587518202 55.66528513634699)
stednavn_flade.fid-7af2ebb0_1482643ff9f_-449f,24576,POINT (12.61540182354863 55.66235786742729)
stednavn_flade.fid-7af2ebb0_1482643ff9f_-449e,11741,POINT (12.55045372985084 55.6653020598445)
stednavn_flade.fid-7af2ebb0_1482643ff9f_-449d,11482,POINT (12.54043044140705 55.66390703040756)
stednavn_flade.fid-7af2ebb0_1482643ff9f_-449c,10045,POINT (12.5236078389471 55.65518943820828)
stednavn_flade.fid-7af2ebb0_1482643ff9f_-449b,9933,POINT (12.52469947851479 55.65686418179451)
stednavn_flade.fid-7af2ebb0_1482643ff9f_-449a,11109,POINT (12.53119690272197 55.66287139637203)
stednavn_flade.fid-7af2ebb0_1482643ff9f_-4499,11110,POINT (12.53281231552041 55.66295610009907)
stednavn_flade.fid-7af2ebb0_1482643ff9f_-4498,11419,POINT (12.53059369439768 55.66721457004542)
stednavn_flade.fid-7af2ebb0_1482643ff9f_-4497,10352,POINT (12.53339179426898 55.65829253672185)
stednavn_flade.fid-7af2ebb0_1482643ff9f_-4496,11108,POINT (12.53450446658868 55.66280499884323)
stednavn_flade.fid-7af2ebb0_1482643ff9f_-4495,10477,POINT (12.54307911966608 55.65943590483871)
stednavn_flade.fid-7af2ebb0_1482643ff9f_-4494,10154,POINT (12.5333419375639 55.65442911615606)
stednavn_flade.fid-7af2ebb0_1482643ff9f_-4493,11067,POINT (12.52835494279409 55.66120526072885)
stednavn_flade.fid-7af2ebb0_1482643ff9f_-4492,13279,POINT (12.57462819768873 55.66481191931354)
stednavn_flade.fid-7af2ebb0_1482643ff9f_-4491,12970,POINT (12.57629092170322 55.66685707066062)
stednavn_flade.fid-7af2ebb0_1482643ff9f_-4490,104,POINT (12.58975468141346 55.62562710975543)
stednavn_flade.fid-7af2ebb0_1482643ff9f_-448f,12987,POINT (12.57391076079766 55.67317151895816)
stednavn_flade.fid-7af2ebb0_1482643ff9f_-448e,13323,POINT (12.58994323600032 55.66580319736725)
stednavn_flade.fid-7af2ebb0_1482643ff9f_-448d,13437,POINT (12.56231311621273 55.66933262930243)
stednavn_flade.fid-7af2ebb0_1482643ff9f_-448c,13361,POINT (12.56799259092145 55.67085605731143)
stednavn_flade.fid-7af2ebb0_1482643ff9f_-448b,12959,POINT (12.55122315785025 55.67168700277458)
stednavn_flade.fid-7af2ebb0_1482643ff9f_-448a,13277,POINT (12.57681511728343 55.66463999835688)
stednavn_flade.fid-7af2ebb0_1482643ff9f_-4489,12554,POINT (12.5528578938934 55.66847571678375)
stednavn_flade.fid-7af2ebb0_1482643ff9f_-4488,12803,POINT (12.55559762882753 55.67316577417193)
stednavn_flade.fid-7af2ebb0_1482643ff9f_-4487,12445,POINT (12.5480857505754 55.66947217264434)
stednavn_flade.fid-7af2ebb0_1482643ff9f_-4486,12543,POINT (12.55357538359283 55.66770082288717)
stednavn_flade.fid-7af2ebb0_1482643ff9f_-4485,12729,POINT (12.55539808711031 55.67180717625234)
stednavn_flade.fid-7af2ebb0_1482643ff9f_-4484,15168,POINT (12.60089593517634 55.63835187432906)
stednavn_flade.fid-7af2ebb0_1482643ff9f_-4483,24365,POINT (12.60444660475599 55.66490925161669)
stednavn_flade.fid-7af2ebb0_1482643ff9f_-4482,14202,POINT (12.59098276282131 55.67120349535007)
stednavn_flade.fid-7af2ebb0_1482643ff9f_-4481,165193,POINT (12.54388021529456 55.66808259370787)
stednavn_flade.fid-7af2ebb0_1482643ff9f_-4480,13505,POINT (12.57264210717134 55.66988102932502)
stednavn_flade.fid-7af2ebb0_1482643ff9f_-447f,13624,POINT (12.56023149107751 55.67167238253251)
stednavn_flade.fid-7af2ebb0_1482643ff9f_-447e,13660,POINT (12.55750261646109 55.6731593713636)
stednavn_flade.fid-7af2ebb0_1482643ff9f_-447d,13971,POINT (12.57979294532109 55.67319943282295)
stednavn_flade.fid-7af2ebb0_1482643ff9f_-447c,13982,POINT (12.57707065154077 55.67361510217883)
stednavn_flade.fid-7af2ebb0_1482643ff9f_-447b,13840,POINT (12.57201532329207 55.672596133009)
stednavn_flade.fid-7af2ebb0_1482643ff9f_-447a,13516,POINT (12.56848598477549 55.66935519036457)
stednavn_flade.fid-7af2ebb0_1482643ff9f_-4479,14118,POINT (12.5871721846899 55.67235388941912)
stednavn_flade.fid-7af2ebb0_1482643ff9f_-4478,25353,POINT (12.59365674858075 55.66777011534863)
stednavn_flade.fid-7af2ebb0_1482643ff9f_-4477,13655,POINT (12.55720923932294 55.67341814451903)
stednavn_flade.fid-7af2ebb0_1482643ff9f_-4476,17540,POINT (12.6051083168628 55.64775909113862)
stednavn_flade.fid-7af2ebb0_1482643ff9f_-4475,17646,POINT (12.60035566392952 55.6453977089306)
stednavn_flade.fid-7af2ebb0_1482643ff9f_-4474,17589,POINT (12.59897190110074 55.64570465623982)
stednavn_flade.fid-7af2ebb0_1482643ff9f_-4473,17396,POINT (12.59482511979276 55.64877345416375)
stednavn_flade.fid-7af2ebb0_1482643ff9f_-4472,20478,POINT (12.60574662460633 55.65871855161418)
stednavn_flade.fid-7af2ebb0_1482643ff9f_-4471,19935,POINT (12.59324649824356 55.65409699744132)
stednavn_flade.fid-7af2ebb0_1482643ff9f_-4470,18754,POINT (12.624206093133 55.64707014648232)
stednavn_flade.fid-7af2ebb0_1482643ff9f_-446f,19683,POINT (12.61703732553259 55.65129014755152)
stednavn_flade.fid-7af2ebb0_1482643ff9f_-446e,21666,POINT (12.61799651248241 55.65670749883394)
stednavn_flade.fid-7af2ebb0_1482643ff9f_-446d,21668,POINT (12.62278749098769 55.65855697744254)
stednavn_flade.fid-7af2ebb0_1482643ff9f_-446c,20878,POINT (12.62197428154409 55.653541297282)
stednavn_flade.fid-7af2ebb0_1482643ff9f_-446b,21341,POINT (12.61179809939457 55.65843676198241)
stednavn_flade.fid-7af2ebb0_1482643ff9f_-446a,20282,POINT (12.59703915269205 55.65882044023567)
stednavn_flade.fid-7af2ebb0_1482643ff9f_-4469,165015,POINT (12.56137617660226 55.66193597486301)
stednavn_flade.fid-7af2ebb0_1482643ff9f_-4468,165020,POINT (12.51155993353736 55.66447451089616)
stednavn_flade.fid-7af2ebb0_1482643ff9f_-4467,165027,POINT (12.56116428408501 55.70781791344268)
stednavn_flade.fid-7af2ebb0_1482643ff9f_-4466,28431,POINT (12.48921479999374 55.67681707013333)
stednavn_flade.fid-7af2ebb0_1482643ff9f_-4465,21203,POINT (12.60939980835791 55.65748818566722)
stednavn_flade.fid-7af2ebb0_1482643ff9f_-4464,20605,POINT (12.60913400432035 55.65501499835377)
stednavn_flade.fid-7af2ebb0_1482643ff9f_-4463,23810,POINT (12.59764053228335 55.66201820458967)
stednavn_flade.fid-7af2ebb0_1482643ff9f_-4462,23947,POINT (12.60529173721194 55.66087971326709)
stednavn_flade.fid-7af2ebb0_1482643ff9f_-4461,23897,POINT (12.60444293725746 55.6594018411258)
stednavn_flade.fid-7af2ebb0_1482643ff9f_-4460,21465,POINT (12.61791455839145 55.65566921596486)
stednavn_flade.fid-7af2ebb0_1482643ff9f_-445f,23988,POINT (12.60081305031685 55.66161850337316)
stednavn_flade.fid-7af2ebb0_1482643ff9f_-445e,23990,POINT (12.60464991605068 55.66188298504469)
stednavn_flade.fid-7af2ebb0_1482643ff9f_-445d,22573,POINT (12.63431570854076 55.64903052428855)
stednavn_flade.fid-7af2ebb0_1482643ff9f_-445c,22805,POINT (12.62935636476619 55.65340092455995)
stednavn_flade.fid-7af2ebb0_1482643ff9f_-445b,25995,POINT (12.63354512195954 55.65933568439598)
stednavn_flade.fid-7af2ebb0_1482643ff9f_-445a,25816,POINT (12.61778755559535 55.66673228333672)
stednavn_flade.fid-7af2ebb0_1482643ff9f_-4459,26326,POINT (12.51941274756959 55.70407460266267)
stednavn_flade.fid-7af2ebb0_1482643ff9f_-4458,25408,POINT (12.59945490254436 55.66828084653594)
stednavn_flade.fid-7af2ebb0_1482643ff9f_-4457,25444,POINT (12.60331257288647 55.66702897002268)
stednavn_flade.fid-7af2ebb0_1482643ff9f_-4456,25589,POINT (12.59425980479614 55.67291560470384)
stednavn_flade.fid-7af2ebb0_1482643ff9f_-4455,25535,POINT (12.59639754619738 55.67151878943049)
stednavn_flade.fid-7af2ebb0_1482643ff9f_-4454,25351,POINT (12.59201547090837 55.66750570277502)
stednavn_flade.fid-7af2ebb0_1482643ff9f_-4453,25623,POINT (12.59372968450054 55.67321305795453)
stednavn_flade.fid-7af2ebb0_1482643ff9f_-4452,28301,POINT (12.48264212278861 55.68808852439114)
stednavn_flade.fid-7af2ebb0_1482643ff9f_-4451,27534,POINT (12.48304427045348 55.68355182792214)
stednavn_flade.fid-7af2ebb0_1482643ff9f_-4450,27483,POINT (12.47460170204787 55.68581790354927)
stednavn_flade.fid-7af2ebb0_1482643ff9f_-444f,31127,POINT (12.4808837261411 55.69614151989568)
stednavn_flade.fid-7af2ebb0_1482643ff9f_-444e,30187,POINT (12.48183545670431 55.69046888152745)
stednavn_flade.fid-7af2ebb0_1482643ff9f_-444d,163736,POINT (12.55316591609659 55.7048091009115)
stednavn_flade.fid-7af2ebb0_1482643ff9f_-444c,162944,POINT (12.52356005625244 55.71483450459842)
stednavn_flade.fid-7af2ebb0_1482643ff9f_-444b,28794,POINT (12.49123897986523 55.68588398978389)
stednavn_flade.fid-7af2ebb0_1482643ff9f_-444a,32935,POINT (12.47385124851857 55.70362054362939)
stednavn_flade.fid-7af2ebb0_1482643ff9f_-4449,32119,POINT (12.47381189010395 55.69828106392057)
stednavn_flade.fid-7af2ebb0_1482643ff9f_-4448,35118,POINT (12.50605750824375 55.69627306231989)
stednavn_flade.fid-7af2ebb0_1482643ff9f_-4447,33478,POINT (12.49656011952785 55.6918934274875)
stednavn_flade.fid-7af2ebb0_1482643ff9f_-4446,34825,POINT (12.50910718062916 55.69242173969966)
stednavn_flade.fid-7af2ebb0_1482643ff9f_-4445,164651,POINT (12.58293377602843 55.68274686595139)
stednavn_flade.fid-7af2ebb0_1482643ff9f_-4444,39820,POINT (12.5753543790267 55.6807854616029)
stednavn_flade.fid-7af2ebb0_1482643ff9f_-4443,37835,POINT (12.55777475263286 55.69711031064272)
stednavn_flade.fid-7af2ebb0_1482643ff9f_-4442,164652,POINT (12.587207412245 55.69142012140609)
stednavn_flade.fid-7af2ebb0_1482643ff9f_-4441,37707,POINT (12.51280955935633 55.70199336289006)
stednavn_flade.fid-7af2ebb0_1482643ff9f_-4440,37519,POINT (12.50642299337587 55.69874160567701)
stednavn_flade.fid-7af2ebb0_1482643ff9f_-443f,164313,POINT (12.60744308864558 55.64875796179405)
stednavn_flade.fid-7af2ebb0_1482643ff9f_-443e,164326,POINT (12.57475391506994 55.70564997891002)
stednavn_flade.fid-7af2ebb0_1482643ff9f_-443d,164331,POINT (12.49358365813479 55.70610238225736)
stednavn_flade.fid-7af2ebb0_1482643ff9f_-443c,37930,POINT (12.55685488686307 55.6831219375437)
stednavn_flade.fid-7af2ebb0_1482643ff9f_-443b,163766,POINT (12.57912015098469 55.68268228442626)
stednavn_flade.fid-7af2ebb0_1482643ff9f_-443a,164320,POINT (12.48984247881526 55.72202630580424)
stednavn_flade.fid-7af2ebb0_1482643ff9f_-4439,164562,POINT (12.59708672350418 55.65707278721696)
stednavn_flade.fid-7af2ebb0_1482643ff9f_-4438,163679,POINT (12.55916132053004 55.68809985267783)
stednavn_flade.fid-7af2ebb0_1482643ff9f_-4437,36971,POINT (12.49827455639272 55.70160415168679)
stednavn_flade.fid-7af2ebb0_1482643ff9f_-4436,163681,POINT (12.53598011281975 55.70089536329616)
stednavn_flade.fid-7af2ebb0_1482643ff9f_-4435,163682,POINT (12.5842252827893 55.69299769844618)
stednavn_flade.fid-7af2ebb0_1482643ff9f_-4434,36412,POINT (12.49850333433468 55.70030560726276)
stednavn_flade.fid-7af2ebb0_1482643ff9f_-4433,163686,POINT (12.54511407800026 55.68931019901679)
stednavn_flade.fid-7af2ebb0_1482643ff9f_-4432,163674,POINT (12.60736934874917 55.6537586505187)
stednavn_flade.fid-7af2ebb0_1482643ff9f_-4431,37120,POINT (12.49805089495432 55.70337150998439)
stednavn_flade.fid-7af2ebb0_1482643ff9f_-4430,163680,POINT (12.55942282193338 55.68806598842509)
stednavn_flade.fid-7af2ebb0_1482643ff9f_-442f,35209,POINT (12.51248482784833 55.69583865630715)
stednavn_flade.fid-7af2ebb0_1482643ff9f_-442e,164189,POINT (12.56391119395648 55.68347899326233)
stednavn_flade.fid-7af2ebb0_1482643ff9f_-442d,164560,POINT (12.59810012889452 55.65743429255113)
stednavn_flade.fid-7af2ebb0_1482643ff9f_-442c,38518,POINT (12.57205302330067 55.67552781040735)
stednavn_flade.fid-7af2ebb0_1482643ff9f_-442b,39479,POINT (12.58361893423961 55.67662026088028)
stednavn_flade.fid-7af2ebb0_1482643ff9f_-442a,38902,POINT (12.5727481259979 55.67939375989292)
stednavn_flade.fid-7af2ebb0_1482643ff9f_-4429,38905,POINT (12.57154723083231 55.67939766268944)
stednavn_flade.fid-7af2ebb0_1482643ff9f_-4428,164563,POINT (12.57582713523111 55.63176016936671)
stednavn_flade.fid-7af2ebb0_1482643ff9f_-4427,164564,POINT (12.54998266889511 55.6707546903865)
stednavn_flade.fid-7af2ebb0_1482643ff9f_-4426,164565,POINT (12.55944280172977 55.7040791421431)
stednavn_flade.fid-7af2ebb0_1482643ff9f_-4425,38914,POINT (12.56898301267785 55.67956557443107)
stednavn_flade.fid-7af2ebb0_1482643ff9f_-4424,38920,POINT (12.56949166283983 55.67972365719222)
stednavn_flade.fid-7af2ebb0_1482643ff9f_-4423,164566,POINT (12.60496742209673 55.66300102069376)
stednavn_flade.fid-7af2ebb0_1482643ff9f_-4422,164106,POINT (12.56105494035653 55.68823254151426)
stednavn_flade.fid-7af2ebb0_1482643ff9f_-4421,39359,POINT (12.57839659778559 55.67673806874868)
stednavn_flade.fid-7af2ebb0_1482643ff9f_-4420,39500,POINT (12.58920450505318 55.67440316238164)
stednavn_flade.fid-7af2ebb0_1482643ff9f_-441f,39126,POINT (12.57078932040074 55.68042068584047)
stednavn_flade.fid-7af2ebb0_1482643ff9f_-441e,164118,POINT (12.56144606365912 55.67018143161544)
stednavn_flade.fid-7af2ebb0_1482643ff9f_-441d,39078,POINT (12.57353456367809 55.68112922889576)
stednavn_flade.fid-7af2ebb0_1482643ff9f_-441c,38714,POINT (12.57270127395357 55.6755930464116)
stednavn_flade.fid-7af2ebb0_1482643ff9f_-441b,38338,POINT (12.57446255514461 55.68050296974808)
stednavn_flade.fid-7af2ebb0_1482643ff9f_-441a,164061,POINT (12.53487005685581 55.66535524233822)
stednavn_flade.fid-7af2ebb0_1482643ff9f_-4419,164080,POINT (12.57657765964597 55.68265588800606)
stednavn_flade.fid-7af2ebb0_1482643ff9f_-4418,164555,POINT (12.59332614877062 55.6627386713932)
stednavn_flade.fid-7af2ebb0_1482643ff9f_-4417,38013,POINT (12.54610975816247 55.68753323709041)
stednavn_flade.fid-7af2ebb0_1482643ff9f_-4416,39017,POINT (12.57094994419362 55.67941527096728)
stednavn_flade.fid-7af2ebb0_1482643ff9f_-4415,164178,POINT (12.5604910690704 55.69154070214108)
stednavn_flade.fid-7af2ebb0_1482643ff9f_-4414,38507,POINT (12.57153120778651 55.67464848025708)
stednavn_flade.fid-7af2ebb0_1482643ff9f_-4413,164561,POINT (12.59745512462666 55.65734055525083)
stednavn_flade.fid-7af2ebb0_1482643ff9f_-4412,38666,POINT (12.5724119156781 55.67713890781899)
stednavn_flade.fid-7af2ebb0_1482643ff9f_-4411,38670,POINT (12.57024864751547 55.67529011264519)
stednavn_flade.fid-7af2ebb0_1482643ff9f_-4410,164223,POINT (12.54025102983534 55.71083938612168)
stednavn_flade.fid-7af2ebb0_1482643ff9f_-440f,164087,POINT (12.57196577362001 55.67640312539175)
stednavn_flade.fid-7af2ebb0_1482643ff9f_-440e,164224,POINT (12.5377108215994 55.7016167679197)
stednavn_flade.fid-7af2ebb0_1482643ff9f_-440d,38385,POINT (12.57037334470261 55.68141538097627)
stednavn_flade.fid-7af2ebb0_1482643ff9f_-440c,164488,POINT (12.58305071991267 55.68939654648442)
stednavn_flade.fid-7af2ebb0_1482643ff9f_-440b,164568,POINT (12.57833651008594 55.68877630044404)
stednavn_flade.fid-7af2ebb0_1482643ff9f_-440a,38799,POINT (12.560977875579 55.68128707420365)
stednavn_flade.fid-7af2ebb0_1482643ff9f_-4409,164485,POINT (12.6195519966747 55.66104793276157)
stednavn_flade.fid-7af2ebb0_1482643ff9f_-4408,164470,POINT (12.49561758740097 55.69754397380835)
stednavn_flade.fid-7af2ebb0_1482643ff9f_-4407,164479,POINT (12.59005500681472 55.67163774472387)
stednavn_flade.fid-7af2ebb0_1482643ff9f_-4406,164229,POINT (12.5633780030197 55.66827858706008)
stednavn_flade.fid-7af2ebb0_1482643ff9f_-4405,164447,POINT (12.5561755738328 55.69460012284725)
stednavn_flade.fid-7af2ebb0_1482643ff9f_-4404,38389,POINT (12.57614110394828 55.68158487162305)
stednavn_flade.fid-7af2ebb0_1482643ff9f_-4403,38159,POINT (12.5515709063696 55.68767648497005)
stednavn_flade.fid-7af2ebb0_1482643ff9f_-4402,164483,POINT (12.62029099226438 55.66048138955475)
stednavn_flade.fid-7af2ebb0_1482643ff9f_-4401,164461,POINT (12.51607413078335 55.70842107720176)
stednavn_flade.fid-7af2ebb0_1482643ff9f_-4400,164486,POINT (12.60894627193209 55.6586444690054)
stednavn_flade.fid-7af2ebb0_1482643ff9f_-43ff,51249,POINT (12.5096389861217 55.7054206617968)
stednavn_flade.fid-7af2ebb0_1482643ff9f_-43fe,164487,POINT (12.57351766119963 55.67905505212176)
stednavn_flade.fid-7af2ebb0_1482643ff9f_-43fd,38764,POINT (12.56202666608734 55.67989696583238)
stednavn_flade.fid-7af2ebb0_1482643ff9f_-43fc,164496,POINT (12.53912357364676 55.70675020824739)
stednavn_flade.fid-7af2ebb0_1482643ff9f_-43fb,164500,POINT (12.52537711916199 55.70829651741683)
stednavn_flade.fid-7af2ebb0_1482643ff9f_-43fa,164502,POINT (12.53469099843085 55.7009548568283)
stednavn_flade.fid-7af2ebb0_1482643ff9f_-43f9,164490,POINT (12.54083989093703 55.70622251589774)
stednavn_flade.fid-7af2ebb0_1482643ff9f_-43f8,164484,POINT (12.61007189944193 55.66514622749669)
stednavn_flade.fid-7af2ebb0_1482643ff9f_-43f7,38408,POINT (12.5650710040569 55.67611844636063)
stednavn_flade.fid-7af2ebb0_1482643ff9f_-43f6,40718,POINT (12.57035816720921 55.68480797721473)
stednavn_flade.fid-7af2ebb0_1482643ff9f_-43f5,40894,POINT (12.55984386797607 55.68642211658852)
stednavn_flade.fid-7af2ebb0_1482643ff9f_-43f4,40804,POINT (12.55776970687916 55.68691520840709)
stednavn_flade.fid-7af2ebb0_1482643ff9f_-43f3,41028,POINT (12.56886770688876 55.68609969588249)
stednavn_flade.fid-7af2ebb0_1482643ff9f_-43f2,41062,POINT (12.58346874218826 55.68709727142272)
stednavn_flade.fid-7af2ebb0_1482643ff9f_-43f1,40985,POINT (12.5729669153358 55.68751007556259)
stednavn_flade.fid-7af2ebb0_1482643ff9f_-43f0,163865,POINT (12.59490152252926 55.68759424462083)
stednavn_flade.fid-7af2ebb0_1482643ff9f_-43ef,40529,POINT (12.56671103398557 55.68399957668376)
stednavn_flade.fid-7af2ebb0_1482643ff9f_-43ee,41017,POINT (12.57066628979558 55.68618934575652)
stednavn_flade.fid-7af2ebb0_1482643ff9f_-43ed,40535,POINT (12.56864219208882 55.68422267939317)
stednavn_flade.fid-7af2ebb0_1482643ff9f_-43ec,39389,POINT (12.58003449416056 55.67609084320611)
stednavn_flade.fid-7af2ebb0_1482643ff9f_-43eb,39390,POINT (12.57939645234144 55.67706119004917)
stednavn_flade.fid-7af2ebb0_1482643ff9f_-43ea,164126,POINT (12.54918058521389 55.67093348710541)
stednavn_flade.fid-7af2ebb0_1482643ff9f_-43e9,164135,POINT (12.51842168040213 55.6610922405514)
stednavn_flade.fid-7af2ebb0_1482643ff9f_-43e8,164206,POINT (12.54960212925331 55.70297099120763)
stednavn_flade.fid-7af2ebb0_1482643ff9f_-43e7,164209,POINT (12.53526382532174 55.7023315419714)
stednavn_flade.fid-7af2ebb0_1482643ff9f_-43e6,164164,POINT (12.57694354186557 55.69836454309235)
stednavn_flade.fid-7af2ebb0_1482643ff9f_-43e5,40421,POINT (12.55827368849936 55.684018747712)
stednavn_flade.fid-7af2ebb0_1482643ff9f_-43e4,164143,POINT (12.51963011494635 55.66412107962346)
stednavn_flade.fid-7af2ebb0_1482643ff9f_-43e3,164059,POINT (12.58624441061158 55.67934601447539)
stednavn_flade.fid-7af2ebb0_1482643ff9f_-43e2,164060,POINT (12.59465431249465 55.68008419911922)
stednavn_flade.fid-7af2ebb0_1482643ff9f_-43e1,40345,POINT (12.57278502944821 55.6851535334534)
stednavn_flade.fid-7af2ebb0_1482643ff9f_-43e0,39903,POINT (12.57513788815817 55.68108367283581)
stednavn_flade.fid-7af2ebb0_1482643ff9f_-43df,39727,POINT (12.57696460575436 55.67903520135986)
stednavn_flade.fid-7af2ebb0_1482643ff9f_-43de,40306,POINT (12.59067105611778 55.6794273506672)
stednavn_flade.fid-7af2ebb0_1482643ff9f_-43dd,163867,POINT (12.5951191328081 55.68595138635222)
stednavn_flade.fid-7af2ebb0_1482643ff9f_-43dc,2428,POINT (12.57675497184566 55.63370841568715)
stednavn_flade.fid-7af2ebb0_1482643ff9f_-43db,2233,POINT (12.51912430135811 55.64106329821835)
stednavn_flade.fid-7af2ebb0_1482643ff9f_-43da,39374,POINT (12.57505602379475 55.67648769441654)
stednavn_flade.fid-7af2ebb0_1482643ff9f_-43d9,164122,POINT (12.5584678340225 55.68835588389765)
stednavn_flade.fid-7af2ebb0_1482643ff9f_-43d8,164125,POINT (12.53992704321196 55.67057643005022)
stednavn_flade.fid-7af2ebb0_1482643ff9f_-43d7,40177,POINT (12.587352953737 55.68014736193465)
stednavn_flade.fid-7af2ebb0_1482643ff9f_-43d6,164159,POINT (12.55668194962541 55.68594430495451)
stednavn_flade.fid-7af2ebb0_1482643ff9f_-43d5,39427,POINT (12.58402447575531 55.67551454565881)
stednavn_flade.fid-7af2ebb0_1482643ff9f_-43d4,39428,POINT (12.58576825922225 55.67678091858389)
stednavn_flade.fid-7af2ebb0_1482643ff9f_-43d3,41846,POINT (12.58698859204492 55.68786776829111)
stednavn_flade.fid-7af2ebb0_1482643ff9f_-43d2,41756,POINT (12.58832175847983 55.68618438703542)
stednavn_flade.fid-7af2ebb0_1482643ff9f_-43d1,41253,POINT (12.57836538072026 55.68293999499199)
stednavn_flade.fid-7af2ebb0_1482643ff9f_-43d0,163528,POINT (12.48550537102734 55.71390026422996)
stednavn_flade.fid-7af2ebb0_1482643ff9f_-43cf,163479,POINT (12.55975011743943 55.67044693303848)
stednavn_flade.fid-7af2ebb0_1482643ff9f_-43ce,42523,POINT (12.54268606512183 55.69409392885537)
stednavn_flade.fid-7af2ebb0_1482643ff9f_-43cd,42792,POINT (12.55131755991599 55.69427091345884)
stednavn_flade.fid-7af2ebb0_1482643ff9f_-43cc,42802,POINT (12.55027625614827 55.6949337348142)
stednavn_flade.fid-7af2ebb0_1482643ff9f_-43cb,163896,POINT (12.56060146666034 55.69733164033372)
stednavn_flade.fid-7af2ebb0_1482643ff9f_-43ca,41683,POINT (12.57996684129156 55.68755725687839)
stednavn_flade.fid-7af2ebb0_1482643ff9f_-43c9,41748,POINT (12.59084756330662 55.68595407587518)
stednavn_flade.fid-7af2ebb0_1482643ff9f_-43c8,163885,POINT (12.58969092607178 55.66079496783122)
stednavn_flade.fid-7af2ebb0_1482643ff9f_-43c7,42470,POINT (12.54423421371922 55.6929724623465)
stednavn_flade.fid-7af2ebb0_1482643ff9f_-43c6,163870,POINT (12.60478317996353 55.68192330055557)
stednavn_flade.fid-7af2ebb0_1482643ff9f_-43c5,173198,POINT (12.56464886746041 55.67730101538626)
stednavn_flade.fid-7af2ebb0_1482643ff9f_-43c4,41703,POINT (12.57593975817801 55.68686672740817)
stednavn_flade.fid-7af2ebb0_1482643ff9f_-43c3,163893,POINT (12.56012932053395 55.69783407898404)
stednavn_flade.fid-7af2ebb0_1482643ff9f_-43c2,42089,POINT (12.53803168856577 55.69266780198175)
stednavn_flade.fid-7af2ebb0_1482643ff9f_-43c1,42090,POINT (12.53747834822805 55.69158181254268)
stednavn_flade.fid-7af2ebb0_1482643ff9f_-43c0,163483,POINT (12.56855040462149 55.67150503783355)
stednavn_flade.fid-7af2ebb0_1482643ff9f_-43bf,41723,POINT (12.58955075621402 55.68497556874772)
stednavn_flade.fid-7af2ebb0_1482643ff9f_-43be,41669,POINT (12.57694176269883 55.68740988140363)
stednavn_flade.fid-7af2ebb0_1482643ff9f_-43bd,41670,POINT (12.57743467202371 55.68569330489613)
stednavn_flade.fid-7af2ebb0_1482643ff9f_-43bc,41312,POINT (12.58952076895938 55.68172748783631)
stednavn_flade.fid-7af2ebb0_1482643ff9f_-43bb,41736,POINT (12.59074732596876 55.68527030621296)
stednavn_flade.fid-7af2ebb0_1482643ff9f_-43ba,41225,POINT (12.57514725120761 55.6837900061749)
stednavn_flade.fid-7af2ebb0_1482643ff9f_-43b9,163880,POINT (12.59923523387691 55.65629665394176)
stednavn_flade.fid-7af2ebb0_1482643ff9f_-43b8,43339,POINT (12.53056566556915 55.70268478189465)
stednavn_flade.fid-7af2ebb0_1482643ff9f_-43b7,43512,POINT (12.55542080567659 55.69959959808725)
stednavn_flade.fid-7af2ebb0_1482643ff9f_-43b6,43516,POINT (12.54947364737035 55.69820692381904)
stednavn_flade.fid-7af2ebb0_1482643ff9f_-43b5,44077,POINT (12.54533662419635 55.70096754560096)
stednavn_flade.fid-7af2ebb0_1482643ff9f_-43b4,44305,POINT (12.56666111321941 55.69107525583742)
stednavn_flade.fid-7af2ebb0_1482643ff9f_-43b3,44461,POINT (12.56186791091161 55.69193760113075)
stednavn_flade.fid-7af2ebb0_1482643ff9f_-43b2,163955,POINT (12.5608954841101 55.70072595924353)
stednavn_flade.fid-7af2ebb0_1482643ff9f_-43b1,44094,POINT (12.55396151809529 55.70027862028878)
stednavn_flade.fid-7af2ebb0_1482643ff9f_-43b0,44295,POINT (12.57516227303777 55.697376610623)
stednavn_flade.fid-7af2ebb0_1482643ff9f_-43af,163984,POINT (12.52998631857784 55.69978280017498)
stednavn_flade.fid-7af2ebb0_1482643ff9f_-43ae,164007,POINT (12.52247666912082 55.64948353364299)
stednavn_flade.fid-7af2ebb0_1482643ff9f_-43ad,164012,POINT (12.58941412839318 55.65343387981888)
stednavn_flade.fid-7af2ebb0_1482643ff9f_-43ac,163962,POINT (12.55820332857168 55.70141413770538)
stednavn_flade.fid-7af2ebb0_1482643ff9f_-43ab,45719,POINT (12.58162872930538 55.69551918325058)
stednavn_flade.fid-7af2ebb0_1482643ff9f_-43aa,51357,POINT (12.52089718056928 55.70589042348672)
stednavn_flade.fid-7af2ebb0_1482643ff9f_-43a9,54356,POINT (12.53382959773111 55.71657816055406)
stednavn_flade.fid-7af2ebb0_1482643ff9f_-43a8,44301,POINT (12.587802847018 55.69575631046136)
stednavn_flade.fid-7af2ebb0_1482643ff9f_-43a7,43553,POINT (12.54457067673665 55.69663001828511)
stednavn_flade.fid-7af2ebb0_1482643ff9f_-43a6,42860,POINT (12.52520301260743 55.70030887853711)
stednavn_flade.fid-7af2ebb0_1482643ff9f_-43a5,43450,POINT (12.53478131523987 55.70044440504126)
stednavn_flade.fid-7af2ebb0_1482643ff9f_-43a4,163575,POINT (12.57081001695087 55.68000745449606)
stednavn_flade.fid-7af2ebb0_1482643ff9f_-43a3,42711,POINT (12.55350329131609 55.69369789319656)
stednavn_flade.fid-7af2ebb0_1482643ff9f_-43a2,42889,POINT (12.5321125492617 55.70114498329659)
stednavn_flade.fid-7af2ebb0_1482643ff9f_-43a1,43596,POINT (12.54725756415195 55.69740965377068)
stednavn_flade.fid-7af2ebb0_1482643ff9f_-43a0,46029,POINT (12.55898817218169 55.70249277181932)
stednavn_flade.fid-7af2ebb0_1482643ff9f_-439f,45400,POINT (12.58549383327893 55.68916725085939)
stednavn_flade.fid-7af2ebb0_1482643ff9f_-439e,46377,POINT (12.58673745695988 55.69605390457809)
stednavn_flade.fid-7af2ebb0_1482643ff9f_-439d,46125,POINT (12.59130372006848 55.69943441099711)
stednavn_flade.fid-7af2ebb0_1482643ff9f_-439c,46698,POINT (12.5811229635157 55.70255905142552)
stednavn_flade.fid-7af2ebb0_1482643ff9f_-439b,45802,POINT (12.5872440908196 55.69435224736433)
stednavn_flade.fid-7af2ebb0_1482643ff9f_-439a,45508,POINT (12.57856235997532 55.69257690343431)
stednavn_flade.fid-7af2ebb0_1482643ff9f_-4399,45187,POINT (12.58361103887793 55.68893831027437)
stednavn_flade.fid-7af2ebb0_1482643ff9f_-4398,45772,POINT (12.5822326098054 55.694125344838)
stednavn_flade.fid-7af2ebb0_1482643ff9f_-4397,45193,POINT (12.57747709973878 55.68990875735893)
stednavn_flade.fid-7af2ebb0_1482643ff9f_-4396,44608,POINT (12.56191292734017 55.6899927417987)
stednavn_flade.fid-7af2ebb0_1482643ff9f_-4395,45088,POINT (12.57168046622777 55.69433836988516)
stednavn_flade.fid-7af2ebb0_1482643ff9f_-4394,45778,POINT (12.59010866449808 55.69233309417019)
stednavn_flade.fid-7af2ebb0_1482643ff9f_-4393,49624,POINT (12.48002369278933 55.71244487483956)
stednavn_flade.fid-7af2ebb0_1482643ff9f_-4392,164244,POINT (12.52432939338188 55.65337093967029)
stednavn_flade.fid-7af2ebb0_1482643ff9f_-4391,44986,POINT (12.55811687032691 55.6948917511568)
stednavn_flade.fid-7af2ebb0_1482643ff9f_-4390,45355,POINT (12.57546920551289 55.69000088499146)
stednavn_flade.fid-7af2ebb0_1482643ff9f_-438f,45359,POINT (12.57780565625049 55.69190700261438)
stednavn_flade.fid-7af2ebb0_1482643ff9f_-438e,48546,POINT (12.48699499135547 55.70568293829643)
stednavn_flade.fid-7af2ebb0_1482643ff9f_-438d,46987,POINT (12.47912955199853 55.71926307133651)
stednavn_flade.fid-7af2ebb0_1482643ff9f_-438c,46968,POINT (12.5908390363233 55.70148339563163)
stednavn_flade.fid-7af2ebb0_1482643ff9f_-438b,164907,POINT (12.59105709716986 55.64875408034424)
stednavn_flade.fid-7af2ebb0_1482643ff9f_-438a,46611,POINT (12.57857193603469 55.70048116003534)
stednavn_flade.fid-7af2ebb0_1482643ff9f_-4389,46485,POINT (12.58861658009299 55.69887314260229)
stednavn_flade.fid-7af2ebb0_1482643ff9f_-4388,50366,POINT (12.49872461519269 55.70584605906111)
stednavn_flade.fid-7af2ebb0_1482643ff9f_-4387,49143,POINT (12.48474656684092 55.71075717656898)
stednavn_flade.fid-7af2ebb0_1482643ff9f_-4386,48940,POINT (12.47701426651412 55.70877715365514)
stednavn_flade.fid-7af2ebb0_1482643ff9f_-4385,48698,POINT (12.48795017387234 55.70644754312561)
stednavn_flade.fid-7af2ebb0_1482643ff9f_-4384,49937,POINT (12.51482948615362 55.71130603582302)
stednavn_flade.fid-7af2ebb0_1482643ff9f_-4383,54633,POINT (12.55577996168552 55.71752233350021)
stednavn_flade.fid-7af2ebb0_1482643ff9f_-4382,54063,POINT (12.55491829700883 55.70744685952891)
stednavn_flade.fid-7af2ebb0_1482643ff9f_-4381,165022,POINT (12.53840611549762 55.70349438401425)
stednavn_flade.fid-7af2ebb0_1482643ff9f_-4380,49940,POINT (12.51303801460715 55.7113586955443)
stednavn_flade.fid-7af2ebb0_1482643ff9f_-437f,165114,POINT (12.48165230886149 55.72060605014617)
stednavn_flade.fid-7af2ebb0_1482643ff9f_-437e,51965,POINT (12.51601209506011 55.70933731170511)
stednavn_flade.fid-7af2ebb0_1482643ff9f_-437d,51871,POINT (12.51668450138798 55.70988253439452)
stednavn_flade.fid-7af2ebb0_1482643ff9f_-437c,52046,POINT (12.48991816295956 55.71803397161283)
stednavn_flade.fid-7af2ebb0_1482643ff9f_-437b,51246,POINT (12.50950795652005 55.70511418330099)
stednavn_flade.fid-7af2ebb0_1482643ff9f_-437a,54755,POINT (12.56184357220115 55.70500905777827)
stednavn_flade.fid-7af2ebb0_1482643ff9f_-4379,54240,POINT (12.52413342743581 55.71278769919557)
stednavn_flade.fid-7af2ebb0_1482643ff9f_-4378,54718,POINT (12.56679327673186 55.70783339694827)
stednavn_flade.fid-7af2ebb0_1482643ff9f_-4377,53492,POINT (12.53176568096273 55.70803146715357)
stednavn_flade.fid-7af2ebb0_1482643ff9f_-4376,53694,POINT (12.53955808113916 55.70982000860573)
stednavn_flade.fid-7af2ebb0_1482643ff9f_-4375,53102,POINT (12.54211797533453 55.71788052147724)
stednavn_flade.fid-7af2ebb0_1482643ff9f_-4374,53638,POINT (12.53425895624245 55.70835669856326)
stednavn_flade.fid-7af2ebb0_1482643ff9f_-4373,54059,POINT (12.55396149484794 55.707703205794)
stednavn_flade.fid-7af2ebb0_1482643ff9f_-4372,139482,POINT (12.57913065937768 55.66682828252691)
stednavn_flade.fid-7af2ebb0_1482643ff9f_-4371,53173,POINT (12.53967592651334 55.70724636389785)
stednavn_flade.fid-7af2ebb0_1482643ff9f_-4370,164274,POINT (12.57318171587835 55.6813210328354)
stednavn_flade.fid-7af2ebb0_1482643ff9f_-436f,56154,POINT (12.57022171140454 55.71246133842126)
stednavn_flade.fid-7af2ebb0_1482643ff9f_-436e,55843,POINT (12.56736716228706 55.71378287906617)
stednavn_flade.fid-7af2ebb0_1482643ff9f_-436d,164570,POINT (12.58160732346956 55.6786562698781)
stednavn_flade.fid-7af2ebb0_1482643ff9f_-436c,55800,POINT (12.58703648685725 55.70779826541834)
stednavn_flade.fid-7af2ebb0_1482643ff9f_-436b,55127,POINT (12.57635241751068 55.70349990754472)
stednavn_flade.fid-7af2ebb0_1482643ff9f_-436a,174079,POINT (12.61022425574496 55.66234513272432)
stednavn_flade.fid-7af2ebb0_1482643ff9f_-4369,164090,POINT (12.59354282603765 55.68637108687223)
stednavn_flade.fid-7af2ebb0_1482643ff9f_-4368,54685,POINT (12.58184311262723 55.71011260759936)
stednavn_flade.fid-7af2ebb0_1482643ff9f_-4367,55599,POINT (12.57916308774972 55.70700397922161)
stednavn_flade.fid-7af2ebb0_1482643ff9f_-4366,55201,POINT (12.5808307355173 55.70348482848765)
stednavn_flade.fid-7af2ebb0_1482643ff9f_-4365,164258,POINT (12.50788731437567 55.66548913298369)
stednavn_flade.fid-7af2ebb0_1482643ff9f_-4364,56724,POINT (12.57820554166982 55.71133626280677)
stednavn_flade.fid-7af2ebb0_1482643ff9f_-4363,54758,POINT (12.56095486898189 55.70550131851112)
stednavn_flade.fid-7af2ebb0_1482643ff9f_-4362,164261,POINT (12.48878159421495 55.68172158315414)
stednavn_flade.fid-7af2ebb0_1482643ff9f_-4361,164264,POINT (12.57189891084571 55.7088208594819)
stednavn_flade.fid-7af2ebb0_1482643ff9f_-4360,58599,POINT (12.57642583166751 55.72123161759644)
stednavn_flade.fid-7af2ebb0_1482643ff9f_-435f,58601,POINT (12.56209600903804 55.72472825609169)
stednavn_flade.fid-7af2ebb0_1482643ff9f_-435e,57322,POINT (12.5373383111835 55.72094471467665)
stednavn_flade.fid-7af2ebb0_1482643ff9f_-435d,58748,POINT (12.56077706132344 55.72210679277772)
stednavn_flade.fid-7af2ebb0_1482643ff9f_-435c,58951,POINT (12.57604482602914 55.72154321050393)
stednavn_flade.fid-7af2ebb0_1482643ff9f_-435b,164670,POINT (12.5768727960579 55.68054230901192)
stednavn_flade.fid-7af2ebb0_1482643ff9f_-435a,164660,POINT (12.55324888231769 55.67220454546806)
stednavn_flade.fid-7af2ebb0_1482643ff9f_-4359,164689,POINT (12.55862931670337 55.69447200543983)
stednavn_flade.fid-7af2ebb0_1482643ff9f_-4358,164665,POINT (12.57579454452464 55.68136613893896)
stednavn_flade.fid-7af2ebb0_1482643ff9f_-4357,56708,POINT (12.5808241561909 55.71391165217958)
stednavn_flade.fid-7af2ebb0_1482643ff9f_-4356,164676,POINT (12.58895337869872 55.65797321004335)
stednavn_flade.fid-7af2ebb0_1482643ff9f_-4355,164685,POINT (12.59441960166555 55.65593597303189)
stednavn_flade.fid-7af2ebb0_1482643ff9f_-4354,56721,POINT (12.57993099940622 55.71100387036507)
stednavn_flade.fid-7af2ebb0_1482643ff9f_-4353,59757,POINT (12.6067718012613 55.68083313525202)
stednavn_flade.fid-7af2ebb0_1482643ff9f_-4352,164687,POINT (12.55812600599602 55.69349796991531)
stednavn_flade.fid-7af2ebb0_1482643ff9f_-4351,56448,POINT (12.57080245672868 55.71464043075479)
stednavn_flade.fid-7af2ebb0_1482643ff9f_-4350,164690,POINT (12.55893808483303 55.69372127272538)
stednavn_flade.fid-7af2ebb0_1482643ff9f_-434f,164688,POINT (12.55684022968324 55.69354876993675)
stednavn_flade.fid-7af2ebb0_1482643ff9f_-434e,164664,POINT (12.56091414584498 55.6900870849617)
stednavn_flade.fid-7af2ebb0_1482643ff9f_-434d,174080,POINT (12.60965425999775 55.66244500026187)
stednavn_flade.fid-7af2ebb0_1482643ff9f_-434c,56995,POINT (12.53854590740126 55.72130995127422)
stednavn_flade.fid-7af2ebb0_1482643ff9f_-434b,56696,POINT (12.58803308955776 55.71316000748665)
stednavn_flade.fid-7af2ebb0_1482643ff9f_-434a,57385,POINT (12.52981790179635 55.72350465925145)
stednavn_flade.fid-7af2ebb0_1482643ff9f_-4349,57097,POINT (12.52850970855205 55.72127517759758)
stednavn_flade.fid-7af2ebb0_1482643ff9f_-4348,60202,POINT (12.59357216025339 55.68341387474968)
stednavn_flade.fid-7af2ebb0_1482643ff9f_-4347,129139,POINT (12.49520310827233 55.69384996651069)
stednavn_flade.fid-7af2ebb0_1482643ff9f_-4346,137104,POINT (12.58151308279527 55.72168980792389)
stednavn_flade.fid-7af2ebb0_1482643ff9f_-4345,60163,POINT (12.59284120160227 55.68458613898625)
stednavn_flade.fid-7af2ebb0_1482643ff9f_-4344,164308,POINT (12.54103322533957 55.70851820882158)
stednavn_flade.fid-7af2ebb0_1482643ff9f_-4343,164309,POINT (12.48847675402041 55.65616363754297)
stednavn_flade.fid-7af2ebb0_1482643ff9f_-4342,60203,POINT (12.59424509727567 55.68420671689894)
stednavn_flade.fid-7af2ebb0_1482643ff9f_-4341,60168,POINT (12.60102504215244 55.68191837110858)
stednavn_flade.fid-7af2ebb0_1482643ff9f_-4340,60424,POINT (12.61895204646437 55.68266655906634)
stednavn_flade.fid-7af2ebb0_1482643ff9f_-433f,164291,POINT (12.57622354910889 55.72482636195526)
stednavn_flade.fid-7af2ebb0_1482643ff9f_-433e,60591,POINT (12.59288794890166 55.69138809892301)
stednavn_flade.fid-7af2ebb0_1482643ff9f_-433d,60237,POINT (12.60658139893975 55.68268771457701)
stednavn_flade.fid-7af2ebb0_1482643ff9f_-433c,60242,POINT (12.60665275222275 55.68183061655622)
stednavn_flade.fid-7af2ebb0_1482643ff9f_-433b,60401,POINT (12.62306169934137 55.68401325610335)
stednavn_flade.fid-7af2ebb0_1482643ff9f_-433a,59312,POINT (12.56399151965317 55.72654945003826)
stednavn_flade.fid-7af2ebb0_1482643ff9f_-4339,164583,POINT (12.55923301512318 55.68192464218733)
stednavn_flade.fid-7af2ebb0_1482643ff9f_-4338,164584,POINT (12.59831301850559 55.69140422330806)
stednavn_flade.fid-7af2ebb0_1482643ff9f_-4337,59742,POINT (12.62639134579476 55.68527672263718)
stednavn_flade.fid-7af2ebb0_1482643ff9f_-4336,61658,POINT (12.54356827035097 55.70212199287304)
stednavn_flade.fid-7af2ebb0_1482643ff9f_-4335,60751,POINT (12.59954735401083 55.69752675397)
stednavn_flade.fid-7af2ebb0_1482643ff9f_-4334,164301,POINT (12.50645159334862 55.70472209758005)
stednavn_flade.fid-7af2ebb0_1482643ff9f_-4333,174081,POINT (12.60985965638905 55.66243579333931)
stednavn_flade.fid-7af2ebb0_1482643ff9f_-4332,164315,POINT (12.52831984115559 55.70143903079995)
stednavn_flade.fid-7af2ebb0_1482643ff9f_-4331,61331,POINT (12.57199108724996 55.67415913493784)
stednavn_flade.fid-7af2ebb0_1482643ff9f_-4330,164314,POINT (12.52808770579466 55.70528980503425)
stednavn_flade.fid-7af2ebb0_1482643ff9f_-432f,60602,POINT (12.59698413645799 55.6891940538404)
stednavn_flade.fid-7af2ebb0_1482643ff9f_-432e,60659,POINT (12.61245698275984 55.69040219462364)
stednavn_flade.fid-7af2ebb0_1482643ff9f_-432d,71310,POINT (12.52987666644133 55.65718821522766)
stednavn_flade.fid-7af2ebb0_1482643ff9f_-432c,164374,POINT (12.59392714587117 55.66050146340906)
stednavn_flade.fid-7af2ebb0_1482643ff9f_-432b,109188,POINT (12.52939319455442 55.71434455906363)
stednavn_flade.fid-7af2ebb0_1482643ff9f_-432a,132293,POINT (12.53071748308547 55.7160277625221)
stednavn_flade.fid-7af2ebb0_1482643ff9f_-4329,165016,POINT (12.57756672867045 55.63047966961476)
stednavn_flade.fid-7af2ebb0_1482643ff9f_-4328,160109,POINT (12.50632571001098 55.65817726303616)
stednavn_flade.fid-7af2ebb0_1482643ff9f_-4327,164643,POINT (12.58219940029864 55.67547864833796)
stednavn_flade.fid-7af2ebb0_1482643ff9f_-4326,175774,POINT (12.57631568114322 55.69972906310279)
stednavn_flade.fid-7af2ebb0_1482643ff9f_-4325,164644,POINT (12.58267583363502 55.67345551919543)
stednavn_flade.fid-7af2ebb0_1482643ff9f_-4324,164602,POINT (12.57530714684869 55.67052987221295)
stednavn_flade.fid-7af2ebb0_1482643ff9f_-4323,175964,POINT (12.57165138105742 55.69743894131868)
stednavn_flade.fid-7af2ebb0_1482643ff9f_-4322,177922,POINT (12.47394920209501 55.71481871614368)
stednavn_flade.fid-7af2ebb0_1482643ff9f_-4321,177924,POINT (12.47160090677464 55.71592126714362)
stednavn_flade.fid-7af2ebb0_1482643ff9f_-4320,177925,POINT (12.47494280006697 55.71633194513725)
stednavn_flade.fid-7af2ebb0_1482643ff9f_-431f,177955,POINT (12.47555840445074 55.71497593333287)
stednavn_flade.fid-7af2ebb0_1482643ff9f_-431e,175772,POINT (12.57616377799783 55.70005560773591)
stednavn_flade.fid-7af2ebb0_1482643ff9f_-431d,175625,POINT (12.56437677613465 55.67726488510304)
stednavn_flade.fid-7af2ebb0_1482643ff9f_-431c,177953,POINT (12.47264285395525 55.71574331363917)
stednavn_flade.fid-7af2ebb0_1482643ff9f_-431b,177954,POINT (12.47509324380628 55.71410557949665)
stednavn_flade.fid-7af2ebb0_1482643ff9f_-431a,184605,POINT (12.55923017252118 55.70809693597683)
stednavn_flade.fid-7af2ebb0_1482643ff9f_-4319,177956,POINT (12.47608992896123 55.71661275251704)
stednavn_flade.fid-7af2ebb0_1482643ff9f_-4318,177957,POINT (12.47379530185461 55.71604245138079)
stednavn_flade.fid-7af2ebb0_1482643ff9f_-4317,178681,POINT (12.58720735238499 55.66245445384419)
stednavn_flade.fid-7af2ebb0_1482643ff9f_-4316,178479,POINT (12.56271827987471 55.69083505793018)
stednavn_flade.fid-7af2ebb0_1482643ff9f_-4315,178480,POINT (12.56229126992855 55.6911580711466)
stednavn_flade.fid-7af2ebb0_1482643ff9f_-4314,197192,POINT (12.47059481606103 55.70966378682742)
stednavn_flade.fid-7af2ebb0_1482643ff9f_-4313,1,POINT (12.53306131668912 55.66086433058146)
stednavn_flade.fid-7af2ebb0_1482643ff9f_-4312,2,POINT (12.53487415615536 55.66091650775919)
stednavn_flade.fid-7af2ebb0_1482643ff9f_-4311,3,POINT (12.52984547006061 55.6576296407229)
stednavn_flade.fid-7af2ebb0_1482643ff9f_-4310,4,POINT (12.61433723137985 55.65722841122122)
stednavn_flade.fid-7af2ebb0_1482643ff9f_-430f,5,POINT (12.61898680128855 55.6567331240422)
stednavn_flade.fid-7af2ebb0_1482643ff9f_-430e,12,POINT (12.52595335420429 55.71467823688872)
stednavn_flade.fid-7af2ebb0_1482643ff9f_-430d,15,POINT (12.54213595796354 55.66707553504243)
stednavn_flade.fid-7af2ebb0_1482643ff9f_-430c,17,POINT (12.61146924309735 55.66101276002728)
stednavn_flade.fid-7af2ebb0_1482643ff9f_-430b,21,POINT (12.61759901980337 55.65390230825837)
stednavn_flade.fid-7af2ebb0_1482643ff9f_-430a,23,POINT (12.62119342656115 55.66331454895971)
stednavn_flade.fid-7af2ebb0_1482643ff9f_-4309,28,POINT (12.50964996413837 55.69867763440183)
stednavn_flade.fid-7af2ebb0_1482643ff9f_-4308,30,POINT (12.47317402363806 55.70443834517743)
stednavn_flade.fid-7af2ebb0_1482643ff9f_-4307,6,POINT (12.60140313634838 55.66542066230374)
stednavn_flade.fid-7af2ebb0_1482643ff9f_-4306,7,POINT (12.50003788678864 55.70594801229415)
stednavn_flade.fid-7af2ebb0_1482643ff9f_-4305,8,POINT (12.5497603384841 55.69093090577203)
stednavn_flade.fid-7af2ebb0_1482643ff9f_-4304,9,POINT (12.52836920420103 55.71833527876515)
stednavn_flade.fid-7af2ebb0_1482643ff9f_-4303,10,POINT (12.58360569275228 55.69530661428089)
stednavn_flade.fid-7af2ebb0_1482643ff9f_-4302,11,POINT (12.55719840188239 55.69094095094869)
stednavn_flade.fid-7af2ebb0_1482643ff9f_-4301,50,POINT (12.58085714291814 55.69048613470972)
stednavn_flade.fid-7af2ebb0_1482643ff9f_-4300,51,POINT (12.56641716338395 55.68111593189641)
stednavn_flade.fid-7af2ebb0_1482643ff9f_-42ff,1978,POINT (12.54345276888264 55.70277783724588)
stednavn_flade.fid-7af2ebb0_1482643ff9f_-42fe,1979,POINT (12.55044836452397 55.69698296619082)
stednavn_flade.fid-7af2ebb0_1482643ff9f_-42fd,128,POINT (12.62858626257254 55.66864701356248)
stednavn_flade.fid-7af2ebb0_1482643ff9f_-42fc,53,POINT (12.54183174712087 55.69562601647941)
stednavn_flade.fid-7af2ebb0_1482643ff9f_-42fb,105,POINT (12.58873007942887 55.62327417185763)
stednavn_flade.fid-7af2ebb0_1482643ff9f_-42fa,55,POINT (12.54698615355426 55.7219772845332)
stednavn_flade.fid-7af2ebb0_1482643ff9f_-42f9,56,POINT (12.56835055798846 55.67356406063814)
stednavn_flade.fid-7af2ebb0_1482643ff9f_-42f8,57,POINT (12.57349357691437 55.68659168309881)
stednavn_flade.fid-7af2ebb0_1482643ff9f_-42f7,58,POINT (12.56377535872738 55.70435448027214)
stednavn_flade.fid-7af2ebb0_1482643ff9f_-42f6,36,POINT (12.50782536529517 55.70146868112959)
stednavn_flade.fid-7af2ebb0_1482643ff9f_-42f5,37,POINT (12.51954545774238 55.69917731790261)
stednavn_flade.fid-7af2ebb0_1482643ff9f_-42f4,38,POINT (12.52000980970404 55.72508606727087)
stednavn_flade.fid-7af2ebb0_1482643ff9f_-42f3,39,POINT (12.5209125766139 55.69361964970485)
stednavn_flade.fid-7af2ebb0_1482643ff9f_-42f2,41,POINT (12.46964246049336 55.68555814981997)
stednavn_flade.fid-7af2ebb0_1482643ff9f_-42f1,42,POINT (12.48592882689301 55.65233276616775)
stednavn_flade.fid-7af2ebb0_1482643ff9f_-42f0,129,POINT (12.63198405660087 55.66278283452101)
stednavn_flade.fid-7af2ebb0_1482643ff9f_-42ef,44,POINT (12.48598629447091 55.65359835311706)
stednavn_flade.fid-7af2ebb0_1482643ff9f_-42ee,84,POINT (12.45904253024255 55.70978766263236)
stednavn_flade.fid-7af2ebb0_1482643ff9f_-42ed,46,POINT (12.47935337193106 55.66903823370085)
stednavn_flade.fid-7af2ebb0_1482643ff9f_-42ec,47,POINT (12.47843770059833 55.66210811886943)
stednavn_flade.fid-7af2ebb0_1482643ff9f_-42eb,48,POINT (12.48021415304686 55.65639804570333)
stednavn_flade.fid-7af2ebb0_1482643ff9f_-42ea,60,POINT (12.56881754544855 55.70045134033642)
stednavn_flade.fid-7af2ebb0_1482643ff9f_-42e9,65,POINT (12.56823527662812 55.69318221320229)
stednavn_flade.fid-7af2ebb0_1482643ff9f_-42e8,66,POINT (12.57991741109294 55.68511781544514)
stednavn_flade.fid-7af2ebb0_1482643ff9f_-42e7,67,POINT (12.58892775018039 55.69781783856115)
stednavn_flade.fid-7af2ebb0_1482643ff9f_-42e6,68,POINT (12.59428938956927 55.68816873536651)
stednavn_flade.fid-7af2ebb0_1482643ff9f_-42e5,69,POINT (12.59505223742051 55.68350930708203)
stednavn_flade.fid-7af2ebb0_1482643ff9f_-42e4,71,POINT (12.5723652343912 55.63642955993364)
stednavn_flade.fid-7af2ebb0_1482643ff9f_-42e3,72,POINT (12.57005159188224 55.63249940147393)
stednavn_flade.fid-7af2ebb0_1482643ff9f_-42e2,73,POINT (12.56915609782821 55.63853217986664)
stednavn_flade.fid-7af2ebb0_1482643ff9f_-42e1,78,POINT (12.4939882202974 55.71375116964812)
stednavn_flade.fid-7af2ebb0_1482643ff9f_-42e0,79,POINT (12.50570701746856 55.71756863883694)
stednavn_flade.fid-7af2ebb0_1482643ff9f_-42df,80,POINT (12.51999193899886 55.71988905196091)
stednavn_flade.fid-7af2ebb0_1482643ff9f_-42de,81,POINT (12.4780535467662 55.716875016181)
stednavn_flade.fid-7af2ebb0_1482643ff9f_-42dd,115,POINT (12.58486498020901 55.62688888820966)
stednavn_flade.fid-7af2ebb0_1482643ff9f_-42dc,83,POINT (12.46322678759863 55.71291854783663)
stednavn_flade.fid-7af2ebb0_1482643ff9f_-42db,213,POINT (12.54145304479225 55.71915512053144)
stednavn_flade.fid-7af2ebb0_1482643ff9f_-42da,85,POINT (12.45537943931076 55.70731060720541)
stednavn_flade.fid-7af2ebb0_1482643ff9f_-42d9,86,POINT (12.45658362808212 55.71184725352654)
stednavn_flade.fid-7af2ebb0_1482643ff9f_-42d8,62,POINT (12.5633016662897 55.70054767112108)
stednavn_flade.fid-7af2ebb0_1482643ff9f_-42d7,64,POINT (12.53401974574627 55.71114210488579)
stednavn_flade.fid-7af2ebb0_1482643ff9f_-42d6,114,POINT (12.58369582737224 55.62369718558499)
stednavn_flade.fid-7af2ebb0_1482643ff9f_-42d5,116,POINT (12.59008521223446 55.62996995961173)
stednavn_flade.fid-7af2ebb0_1482643ff9f_-42d4,117,POINT (12.53540741848044 55.64380261760389)
stednavn_flade.fid-7af2ebb0_1482643ff9f_-42d3,118,POINT (12.52279901176706 55.64705191843652)
stednavn_flade.fid-7af2ebb0_1482643ff9f_-42d2,88,POINT (12.57159793601706 55.65832925899307)
stednavn_flade.fid-7af2ebb0_1482643ff9f_-42d1,119,POINT (12.52417022108709 55.64302318155634)
stednavn_flade.fid-7af2ebb0_1482643ff9f_-42d0,120,POINT (12.52684284339604 55.64305702433001)
stednavn_flade.fid-7af2ebb0_1482643ff9f_-42cf,121,POINT (12.52469219714704 55.6519842100224)
stednavn_flade.fid-7af2ebb0_1482643ff9f_-42ce,122,POINT (12.52520295968159 55.64514796945829)
stednavn_flade.fid-7af2ebb0_1482643ff9f_-42cd,123,POINT (12.52863155165203 55.6409432749521)
stednavn_flade.fid-7af2ebb0_1482643ff9f_-42cc,124,POINT (12.52574037247531 55.66314570753982)
stednavn_flade.fid-7af2ebb0_1482643ff9f_-42cb,125,POINT (12.53401756794204 55.64559696958985)
stednavn_flade.fid-7af2ebb0_1482643ff9f_-42ca,126,POINT (12.59496010597196 55.64660177090101)
stednavn_flade.fid-7af2ebb0_1482643ff9f_-42c9,130,POINT (12.63476844788354 55.66367193574976)
stednavn_flade.fid-7af2ebb0_1482643ff9f_-42c8,131,POINT (12.63988752423393 55.64632899301608)
stednavn_flade.fid-7af2ebb0_1482643ff9f_-42c7,132,POINT (12.5901017408148 55.6309768306843)
stednavn_flade.fid-7af2ebb0_1482643ff9f_-42c6,87,POINT (12.56582800488452 55.72242945545077)
stednavn_flade.fid-7af2ebb0_1482643ff9f_-42c5,89,POINT (12.56009830698373 55.64574696441565)
stednavn_flade.fid-7af2ebb0_1482643ff9f_-42c4,90,POINT (12.56420025009306 55.6498482263864)
stednavn_flade.fid-7af2ebb0_1482643ff9f_-42c3,91,POINT (12.52812209760782 55.64402799367675)
stednavn_flade.fid-7af2ebb0_1482643ff9f_-42c2,92,POINT (12.6300207105868 55.66720001766342)
stednavn_flade.fid-7af2ebb0_1482643ff9f_-42c1,93,POINT (12.63117910676683 55.66562755384054)
stednavn_flade.fid-7af2ebb0_1482643ff9f_-42c0,94,POINT (12.61043645464522 55.66974460505651)
stednavn_flade.fid-7af2ebb0_1482643ff9f_-42bf,95,POINT (12.61318113589745 55.65938438828232)
stednavn_flade.fid-7af2ebb0_1482643ff9f_-42be,96,POINT (12.63177145787472 55.65439396417087)
stednavn_flade.fid-7af2ebb0_1482643ff9f_-42bd,97,POINT (12.6356863386588 55.65443299247794)
stednavn_flade.fid-7af2ebb0_1482643ff9f_-42bc,98,POINT (12.6016764339763 55.64530003831739)
stednavn_flade.fid-7af2ebb0_1482643ff9f_-42bb,99,POINT (12.60468083898693 55.64458261827779)
stednavn_flade.fid-7af2ebb0_1482643ff9f_-42ba,100,POINT (12.5952919759565 55.63924056608211)
stednavn_flade.fid-7af2ebb0_1482643ff9f_-42b9,101,POINT (12.59077274018819 55.63288935623629)
stednavn_flade.fid-7af2ebb0_1482643ff9f_-42b8,102,POINT (12.59058130221652 55.63175653969897)
stednavn_flade.fid-7af2ebb0_1482643ff9f_-42b7,103,POINT (12.59023730639346 55.6274852332342)
stednavn_flade.fid-7af2ebb0_1482643ff9f_-42b6,106,POINT (12.58231718460569 55.62085941863411)
stednavn_flade.fid-7af2ebb0_1482643ff9f_-42b5,107,POINT (12.59150146267936 55.63762029396766)
stednavn_flade.fid-7af2ebb0_1482643ff9f_-42b4,108,POINT (12.58629924326861 55.63551123664919)
stednavn_flade.fid-7af2ebb0_1482643ff9f_-42b3,109,POINT (12.58946881908124 55.645588576546)
stednavn_flade.fid-7af2ebb0_1482643ff9f_-42b2,110,POINT (12.59487404099265 55.64457936181557)
stednavn_flade.fid-7af2ebb0_1482643ff9f_-42b1,111,POINT (12.53801549406054 55.64496157733866)
stednavn_flade.fid-7af2ebb0_1482643ff9f_-42b0,112,POINT (12.5836515438478 55.62246606831522)
stednavn_flade.fid-7af2ebb0_1482643ff9f_-42af,113,POINT (12.60248172956071 55.67033700990637)
stednavn_flade.fid-7af2ebb0_1482643ff9f_-42ae,2100,POINT (12.54922887623385 55.62182844038876)
stednavn_flade.fid-7af2ebb0_1482643ff9f_-42ad,133,POINT (12.5847711711998 55.62941551002999)
stednavn_flade.fid-7af2ebb0_1482643ff9f_-42ac,134,POINT (12.58381715781592 55.6254118526652)
stednavn_flade.fid-7af2ebb0_1482643ff9f_-42ab,135,POINT (12.58967298108308 55.64729875612464)
stednavn_flade.fid-7af2ebb0_1482643ff9f_-42aa,136,POINT (12.59532522684797 55.63976161103974)
stednavn_flade.fid-7af2ebb0_1482643ff9f_-42a9,137,POINT (12.63337871624726 55.6631616998328)
stednavn_flade.fid-7af2ebb0_1482643ff9f_-42a8,141,POINT (12.52131988005074 55.64851200788721)
stednavn_flade.fid-7af2ebb0_1482643ff9f_-42a7,152,POINT (12.47843002166012 55.72006435509453)
stednavn_flade.fid-7af2ebb0_1482643ff9f_-42a6,153,POINT (12.4787762912577 55.69828461138875)
stednavn_flade.fid-7af2ebb0_1482643ff9f_-42a5,154,POINT (12.48309953725552 55.71242952786827)
stednavn_flade.fid-7af2ebb0_1482643ff9f_-42a4,157,POINT (12.48504882040892 55.71168151554857)
stednavn_flade.fid-7af2ebb0_1482643ff9f_-42a3,158,POINT (12.46785039740316 55.71446884593511)
stednavn_flade.fid-7af2ebb0_1482643ff9f_-42a2,159,POINT (12.46824818311316 55.71704765249631)
stednavn_flade.fid-7af2ebb0_1482643ff9f_-42a1,160,POINT (12.47189836815356 55.71749326098965)
stednavn_flade.fid-7af2ebb0_1482643ff9f_-42a0,161,POINT (12.47556898387608 55.71835142169085)
stednavn_flade.fid-7af2ebb0_1482643ff9f_-429f,162,POINT (12.48183677384427 55.71698067739077)
stednavn_flade.fid-7af2ebb0_1482643ff9f_-429e,163,POINT (12.48574113736809 55.7158918238647)
stednavn_flade.fid-7af2ebb0_1482643ff9f_-429d,164,POINT (12.51750513421945 55.69119207123914)
stednavn_flade.fid-7af2ebb0_1482643ff9f_-429c,165,POINT (12.51353463282443 55.71025643649389)
stednavn_flade.fid-7af2ebb0_1482643ff9f_-429b,166,POINT (12.52107654640702 55.69445005007591)
stednavn_flade.fid-7af2ebb0_1482643ff9f_-429a,167,POINT (12.52005937189843 55.69343033775654)
stednavn_flade.fid-7af2ebb0_1482643ff9f_-4299,169,POINT (12.48483927468005 55.71270724347349)
stednavn_flade.fid-7af2ebb0_1482643ff9f_-4298,175,POINT (12.51513873397118 55.63963265814327)
stednavn_flade.fid-7af2ebb0_1482643ff9f_-4297,176,POINT (12.51226859366759 55.64279587990264)
stednavn_flade.fid-7af2ebb0_1482643ff9f_-4296,177,POINT (12.49066827316219 55.66253286400779)
stednavn_flade.fid-7af2ebb0_1482643ff9f_-4295,144,POINT (12.53425241143408 55.65126445052228)
stednavn_flade.fid-7af2ebb0_1482643ff9f_-4294,145,POINT (12.60659563549622 55.67013441830075)
stednavn_flade.fid-7af2ebb0_1482643ff9f_-4293,146,POINT (12.63441933412619 55.64984470585491)
stednavn_flade.fid-7af2ebb0_1482643ff9f_-4292,149,POINT (12.637298894526 55.6484027721722)
stednavn_flade.fid-7af2ebb0_1482643ff9f_-4291,150,POINT (12.63814032466022 55.64724097711558)
stednavn_flade.fid-7af2ebb0_1482643ff9f_-4290,151,POINT (12.50117825699109 55.708859813989)
stednavn_flade.fid-7af2ebb0_1482643ff9f_-428f,201,POINT (12.61426626503133 55.67691491576163)
stednavn_flade.fid-7af2ebb0_1482643ff9f_-428e,202,POINT (12.61601590541134 55.67824190740591)
stednavn_flade.fid-7af2ebb0_1482643ff9f_-428d,203,POINT (12.5544393201705 55.71555367182675)
stednavn_flade.fid-7af2ebb0_1482643ff9f_-428c,205,POINT (12.57229072478188 55.71661110026201)
stednavn_flade.fid-7af2ebb0_1482643ff9f_-428b,206,POINT (12.56875100566935 55.71595302855629)
stednavn_flade.fid-7af2ebb0_1482643ff9f_-428a,207,POINT (12.56741654156066 55.71612308092986)
stednavn_flade.fid-7af2ebb0_1482643ff9f_-4289,210,POINT (12.54152498377625 55.71032811615687)
stednavn_flade.fid-7af2ebb0_1482643ff9f_-4288,211,POINT (12.54195306608665 55.70891382494786)
stednavn_flade.fid-7af2ebb0_1482643ff9f_-4287,212,POINT (12.53823494750575 55.72553694027112)
stednavn_flade.fid-7af2ebb0_1482643ff9f_-4286,178,POINT (12.49227507971199 55.66316052549325)
stednavn_flade.fid-7af2ebb0_1482643ff9f_-4285,179,POINT (12.5057647542723 55.64331314323988)
stednavn_flade.fid-7af2ebb0_1482643ff9f_-4284,181,POINT (12.50057734001282 55.65170517873611)
stednavn_flade.fid-7af2ebb0_1482643ff9f_-4283,182,POINT (12.50036478270579 55.66053862614594)
stednavn_flade.fid-7af2ebb0_1482643ff9f_-4282,183,POINT (12.50705220292447 55.662300473176)
stednavn_flade.fid-7af2ebb0_1482643ff9f_-4281,186,POINT (12.50017264261209 55.65965980758474)
stednavn_flade.fid-7af2ebb0_1482643ff9f_-4280,187,POINT (12.49424974288465 55.66109358120023)
stednavn_flade.fid-7af2ebb0_1482643ff9f_-427f,188,POINT (12.49665755130584 55.66011173925579)
stednavn_flade.fid-7af2ebb0_1482643ff9f_-427e,189,POINT (12.54750091772596 55.71132922783832)
stednavn_flade.fid-7af2ebb0_1482643ff9f_-427d,190,POINT (12.54926790005863 55.71246278907168)
stednavn_flade.fid-7af2ebb0_1482643ff9f_-427c,191,POINT (12.55235932930522 55.71392092966865)
stednavn_flade.fid-7af2ebb0_1482643ff9f_-427b,2076,POINT (12.56630358076369 55.6520993655046)
stednavn_flade.fid-7af2ebb0_1482643ff9f_-427a,192,POINT (12.55464261691784 55.7133808547721)
stednavn_flade.fid-7af2ebb0_1482643ff9f_-4279,193,POINT (12.55657742534264 55.71542786014601)
stednavn_flade.fid-7af2ebb0_1482643ff9f_-4278,194,POINT (12.54894245419584 55.71046069626167)
stednavn_flade.fid-7af2ebb0_1482643ff9f_-4277,195,POINT (12.53893095031467 55.71009215073941)
stednavn_flade.fid-7af2ebb0_1482643ff9f_-4276,197,POINT (12.60882934173702 55.6732347912147)
stednavn_flade.fid-7af2ebb0_1482643ff9f_-4275,2248,POINT (12.54244044487935 55.69968155375951)
stednavn_flade.fid-7af2ebb0_1482643ff9f_-4274,198,POINT (12.6106923653793 55.67422098611979)
stednavn_flade.fid-7af2ebb0_1482643ff9f_-4273,199,POINT (12.61194438242922 55.67502420477039)
stednavn_flade.fid-7af2ebb0_1482643ff9f_-4272,200,POINT (12.61336592084178 55.67561923969697)
stednavn_flade.fid-7af2ebb0_1482643ff9f_-4271,1323,POINT (12.52355749278658 55.69773141946646)
stednavn_flade.fid-7af2ebb0_1482643ff9f_-4270,1431,POINT (12.58136428704724 55.6745726154204)
stednavn_flade.fid-7af2ebb0_1482643ff9f_-426f,1937,POINT (12.52957577055412 55.66683362191586)
stednavn_flade.fid-7af2ebb0_1482643ff9f_-426e,2253,POINT (12.54281895348156 55.69165976665542)
stednavn_flade.fid-7af2ebb0_1482643ff9f_-426d,2281,POINT (12.56142549098533 55.71835963346631)
stednavn_flade.fid-7af2ebb0_1482643ff9f_-426c,2282,POINT (12.46532956259951 55.69637074055968)
stednavn_flade.fid-7af2ebb0_1482643ff9f_-426b,1938,POINT (12.53348015428082 55.66438673959692)
stednavn_flade.fid-7af2ebb0_1482643ff9f_-426a,1941,POINT (12.5330047193702 55.66811081484557)
stednavn_flade.fid-7af2ebb0_1482643ff9f_-4269,1957,POINT (12.54987891910147 55.7001061077267)
stednavn_flade.fid-7af2ebb0_1482643ff9f_-4268,1986,POINT (12.52401398769945 55.70355730595761)
stednavn_flade.fid-7af2ebb0_1482643ff9f_-4267,1985,POINT (12.51649374515047 55.71009005517024)
stednavn_flade.fid-7af2ebb0_1482643ff9f_-4266,1988,POINT (12.55262112796274 55.6701942990067)
stednavn_flade.fid-7af2ebb0_1482643ff9f_-4265,1990,POINT (12.52931369910663 55.64553633544462)
stednavn_flade.fid-7af2ebb0_1482643ff9f_-4264,2130,POINT (12.6192468804483 55.6619364550716)
stednavn_flade.fid-7af2ebb0_1482643ff9f_-4263,2156,POINT (12.49361484178602 55.64653953267754)
stednavn_flade.fid-7af2ebb0_1482643ff9f_-4262,2537,POINT (12.48354917534227 55.71166157266367)
stednavn_flade.fid-7af2ebb0_1482643ff9f_-4261,2538,POINT (12.4827969377527 55.71141165392318)
stednavn_flade.fid-7af2ebb0_1482643ff9f_-4260,1961,POINT (12.56919485018292 55.70547336769149)
stednavn_flade.fid-7af2ebb0_1482643ff9f_-425f,2017,POINT (12.51902587473472 55.69200186353827)
stednavn_flade.fid-7af2ebb0_1482643ff9f_-425e,2012,POINT (12.58012014885356 55.69367155541447)
stednavn_flade.fid-7af2ebb0_1482643ff9f_-425d,2018,POINT (12.64576826041905 55.64653708926789)
stednavn_flade.fid-7af2ebb0_1482643ff9f_-425c,2078,POINT (12.56631422378161 55.6521282845908)
stednavn_flade.fid-7af2ebb0_1482643ff9f_-425b,2077,POINT (12.5656439845266 55.64962513332209)
stednavn_flade.fid-7af2ebb0_1482643ff9f_-425a,1997,POINT (12.56306130641604 55.63486541318671)
stednavn_flade.fid-7af2ebb0_1482643ff9f_-4259,1998,POINT (12.56340629283999 55.63971025940372)
stednavn_flade.fid-7af2ebb0_1482643ff9f_-4258,2000,POINT (12.64431464843699 55.65574758272785)
stednavn_flade.fid-7af2ebb0_1482643ff9f_-4257,1966,POINT (12.49106621644729 55.68034954053889)
stednavn_flade.fid-7af2ebb0_1482643ff9f_-4256,1967,POINT (12.50064365120611 55.68707868175981)
stednavn_flade.fid-7af2ebb0_1482643ff9f_-4255,2539,POINT (12.48378681647409 55.71221561649281)
stednavn_flade.fid-7af2ebb0_1482643ff9f_-4254,2419,POINT (12.56617497985309 55.72597593465166)
stednavn_flade.fid-7af2ebb0_1482643ff9f_-4253,2079,POINT (12.56565508173795 55.64962512943671)
stednavn_flade.fid-7af2ebb0_1482643ff9f_-4252,2099,POINT (12.55477324794693 55.63190115510834)
stednavn_flade.fid-7af2ebb0_1482643ff9f_-4251,2010,POINT (12.54061352252238 55.70432238101798)
stednavn_flade.fid-7af2ebb0_1482643ff9f_-4250,2013,POINT (12.47052182281221 55.71459250786762)
stednavn_flade.fid-7af2ebb0_1482643ff9f_-424f,2014,POINT (12.61251566120155 55.65922757824681)
stednavn_flade.fid-7af2ebb0_1482643ff9f_-424e,2056,POINT (12.6365866455261 55.64950567935872)
stednavn_flade.fid-7af2ebb0_1482643ff9f_-424d,2058,POINT (12.58255527292883 55.65984120005942)
stednavn_flade.fid-7af2ebb0_1482643ff9f_-424c,2121,POINT (12.5769245710252 55.65024318426681)
stednavn_flade.fid-7af2ebb0_1482643ff9f_-424b,1178,POINT (12.57158713366745 55.67232145980021)
stednavn_flade.fid-7af2ebb0_1482643ff9f_-424a,1297,POINT (12.53626472582886 55.7200269401232)
stednavn_flade.fid-7af2ebb0_1482643ff9f_-4249,1315,POINT (12.54719464408857 55.69655284530083)
stednavn_flade.fid-7af2ebb0_1482643ff9f_-4248,1245,POINT (12.60264682219497 55.65618717471084)
stednavn_flade.fid-7af2ebb0_1482643ff9f_-4247,2478,POINT (12.6073089425977 55.68877611876196)
stednavn_flade.fid-7af2ebb0_1482643ff9f_-4246,2345,POINT (12.54338987655459 55.70988035795762)
stednavn_flade.fid-7af2ebb0_1482643ff9f_-4245,2391,POINT (12.60199304336787 55.65121064676066)
stednavn_flade.fid-7af2ebb0_1482643ff9f_-4244,2392,POINT (12.53375013529276 55.71349920560658)
stednavn_flade.fid-7af2ebb0_1482643ff9f_-4243,2395,POINT (12.63970153531195 55.6484950064296)
stednavn_flade.fid-7af2ebb0_1482643ff9f_-4242,2396,POINT (12.64003061464923 55.64897035202307)
stednavn_flade.fid-7af2ebb0_1482643ff9f_-4241,2277,POINT (12.56678081924147 55.71468435381109)
stednavn_flade.fid-7af2ebb0_1482643ff9f_-4240,2348,POINT (12.5070984913131 55.6889857735122)
stednavn_flade.fid-7af2ebb0_1482643ff9f_-423f,2351,POINT (12.49584538724292 55.68450172690277)
stednavn_flade.fid-7af2ebb0_1482643ff9f_-423e,2355,POINT (12.57543409596216 55.66630260788403)
stednavn_flade.fid-7af2ebb0_1482643ff9f_-423d,2296,POINT (12.47645883767965 55.68675675402498)
stednavn_flade.fid-7af2ebb0_1482643ff9f_-423c,2364,POINT (12.59650275591444 55.65172066717167)
stednavn_flade.fid-7af2ebb0_1482643ff9f_-423b,2308,POINT (12.46709616819546 55.71575308342604)
stednavn_flade.fid-7af2ebb0_1482643ff9f_-423a,2389,POINT (12.50851918299462 55.70666135862076)
stednavn_flade.fid-7af2ebb0_1482643ff9f_-4239,2397,POINT (12.56433220981155 55.69555418273185)
stednavn_flade.fid-7af2ebb0_1482643ff9f_-4238,2487,POINT (12.59354421621962 55.68637000633014)
stednavn_flade.fid-7af2ebb0_1482643ff9f_-4237,2422,POINT (12.52217495862193 55.70509966985355)
stednavn_flade.fid-7af2ebb0_1482643ff9f_-4236,2508,POINT (12.64366436983693 55.64847728986042)
stednavn_flade.fid-7af2ebb0_1482643ff9f_-4235,2513,POINT (12.63494182196724 55.66052310253201)
stednavn_flade.fid-7af2ebb0_1482643ff9f_-4234,2514,POINT (12.63962181139125 55.65414488547819)
stednavn_flade.fid-7af2ebb0_1482643ff9f_-4233,2448,POINT (12.53486506050199 55.7259858948896)
stednavn_flade.fid-7af2ebb0_1482643ff9f_-4232,2449,POINT (12.53486870506158 55.72598705158356)
stednavn_flade.fid-7af2ebb0_1482643ff9f_-4231,2450,POINT (12.58551647516982 55.71110768527008)
stednavn_flade.fid-7af2ebb0_1482643ff9f_-4230,2314,POINT (12.55133235964673 55.67080289552054)
stednavn_flade.fid-7af2ebb0_1482643ff9f_-422f,2315,POINT (12.55368475148479 55.67051951239616)
stednavn_flade.fid-7af2ebb0_1482643ff9f_-422e,2583,POINT (12.5340994456143 55.6369767452092)
stednavn_flade.fid-7af2ebb0_1482643ff9f_-422d,2254,POINT (12.5475086502652 55.6891915942667)
stednavn_flade.fid-7af2ebb0_1482643ff9f_-422c,2257,POINT (12.55467947503637 55.68751988453594)
