,1709
POINT (12.537129456130142 55.66836766796213),7
POINT (12.537704638403325 55.66675232438362),6
POINT (12.537787879682218 55.6676925517532),5
POINT (12.538289406346948 55.66442253977783),10
POINT (12.53830779064172 55.66785456536508),4
POINT (12.538349238346308 55.66868857864086),4
POINT (12.538372582481191 55.66378615585097),18
POINT (12.538615656748402 55.665627901302585),6
POINT (12.53889096573398 55.668829958637204),3
POINT (12.539164002916081 55.66426262330878),14
POINT (12.539411095819181 55.66526993632241),7
POINT (12.539639943852954 55.6657221042176),7
POINT (12.539845571851663 55.66785300907729),3
POINT (12.539942773174541 55.66751069807649),9
POINT (12.540221280261319 55.66628450441467),10
POINT (12.540257022288436 55.66645907421336),3
POINT (12.540284288535348 55.66412020751191),15
POINT (12.540466240457787 55.664935155501475),20
POINT (12.540657256638447 55.66901028364549),23
POINT (12.540737453752314 55.66738279185278),6
POINT (12.540927377506753 55.665400382838186),7
POINT (12.541067172452934 55.668383787163094),20
POINT (12.541133423462824 55.670310503527965),27
POINT (12.541147041547319 55.66614527167418),8
POINT (12.541171594471889 55.66820638620267),34
POINT (12.541236589908124 55.66381331692837),5
POINT (12.54125782840498 55.66440666273642),21
POINT (12.541608345662967 55.6651319810291),12
POINT (12.541689008276652 55.664698464335395),5
POINT (12.541756282119437 55.669754407101976),74
POINT (12.541799227919972 55.66374067715281),5
POINT (12.542011240123088 55.66478679815038),27
POINT (12.542012749577749 55.66913379620409),38
POINT (12.542081075591254 55.66606476239148),6
POINT (12.542210942603464 55.670807859058755),50
POINT (12.542254718504221 55.66571805806927),11
POINT (12.542412004712645 55.664611516197574),20
POINT (12.54249873402347 55.66985709549364),23
POINT (12.5427771339543 55.68765028548488),25
POINT (12.54281009993449 55.66401550883955),6
POINT (12.542868363809468 55.66613504477878),12
POINT (12.542930237739723 55.66548849354393),5
POINT (12.542986553685843 55.66776977265002),56
POINT (12.543198228114626 55.67106251658816),38
POINT (12.543202399817337 55.66373070801498),6
POINT (12.5432314289984 55.66789959704951),15
POINT (12.54325283123436 55.66533034644487),9
POINT (12.543273499221984 55.68782110967095),12
POINT (12.543348688460942 55.664832586961346),19
POINT (12.543444491164164 55.67017394667142),39
POINT (12.543665732761665 55.68726821239714),15
POINT (12.543682644825568 55.669753858189544),20
POINT (12.543780375718637 55.67096971826733),16
POINT (12.54399550114775 55.664214344724485),23
POINT (12.544161686192203 55.66912139017796),36
POINT (12.544189091157293 55.687368265492836),17
POINT (12.544199742599593 55.66496887489716),15
POINT (12.544245263218116 55.66527554625655),11
POINT (12.544409193316218 55.68779133087354),11
POINT (12.544413887145557 55.663483625528094),16
POINT (12.544418866515837 55.66628941961393),15
POINT (12.544508903605822 55.68993009650893),19
POINT (12.54453820133381 55.67040104325449),13
POINT (12.54458937410002 55.665913499476545),10
POINT (12.54459126336381 55.665744715507344),9
POINT (12.544761550800555 55.66461237360174),14
POINT (12.544765748353395 55.66399391867127),3
POINT (12.5449205831651 55.66839000824366),8
POINT (12.545021057504998 55.688766109393946),3
POINT (12.545071803143863 55.669615595180645),13
POINT (12.545146431728128 55.68891342479888),12
POINT (12.545272386141672 55.66501117725623),22
POINT (12.545469925797395 55.66363074665303),5
POINT (12.545651990369347 55.66452141272316),11
POINT (12.545679363066471 55.66680345827487),5
POINT (12.545710056285122 55.668996041173166),23
POINT (12.545727270005738 55.68659445520873),19
POINT (12.545771111883877 55.67037726687806),15
POINT (12.54577807518492 55.66760253311163),29
POINT (12.54579053344817 55.687809233766174),26
POINT (12.545937732342988 55.66405695461106),7
POINT (12.545946086128978 55.66572909874019),11
POINT (12.545976047858263 55.66801591468913),57
POINT (12.5460896029951 55.666137973643856),12
POINT (12.546140386363083 55.66426235865197),1
POINT (12.54624350270695 55.66677439071477),16
POINT (12.546328667786735 55.6650127299107),24
POINT (12.546373792697763 55.6861561682),14
POINT (12.546444868489003 55.687281055038675),12
POINT (12.546490545807487 55.6924175529107),2
POINT (12.546530284475745 55.66960629525341),85
POINT (12.546681619795713 55.666395417441706),14
POINT (12.546687672094269 55.67192326214658),6
POINT (12.546779834858667 55.663817286578634),6
POINT (12.546852750758394 55.66415373640335),24
POINT (12.546938302900756 55.664818072703),5
POINT (12.547018423184634 55.66534394810292),10
POINT (12.547030373005338 55.66853280927613),30
POINT (12.547101337372801 55.69295878003332),2
POINT (12.547140405797062 55.66801156169364),100
POINT (12.547221209901627 55.688275281423756),49
POINT (12.54726614497432 55.669165406386924),24
POINT (12.547280597160102 55.66452588721993),14
POINT (12.547329506509053 55.68725564760335),30
POINT (12.547410895272227 55.686749444866365),22
POINT (12.54745076273583 55.685874721662174),22
POINT (12.547487952410352 55.66596841708725),21
POINT (12.547652318875716 55.66656906182306),51
POINT (12.54787667543386 55.66550746388077),8
POINT (12.547907931110114 55.66978463285564),31
POINT (12.547965769411837 55.668625535954824),27
POINT (12.548042821719083 55.66918277285123),15
POINT (12.548245370710289 55.66454623807523),12
POINT (12.548253571671168 55.66777396738013),21
POINT (12.54827103110667 55.68772188738597),15
POINT (12.548401659555024 55.66593262979719),9
POINT (12.548430209431075 55.6668459681413),39
POINT (12.548467325996638 55.671883690981694),41
POINT (12.548579347118931 55.66408234550624),6
POINT (12.548639751226366 55.670993517804014),30
POINT (12.548727172858415 55.665421000239625),8
POINT (12.548757694771336 55.67027374541574),29
POINT (12.548882245427645 55.66496843519835),20
POINT (12.548969479662544 55.669323626629904),17
POINT (12.549121072392458 55.66850009491717),38
POINT (12.549135424651315 55.6719350959356),32
POINT (12.549166442943022 55.66804344003386),32
POINT (12.549190819502224 55.686759804334855),29
POINT (12.549196297916517 55.6662440909734),20
POINT (12.549232173500275 55.68611802755448),8
POINT (12.549258806737488 55.6675206928224),55
POINT (12.549291966787798 55.685729592223744),3
POINT (12.549341714430625 55.66551332419424),19
POINT (12.549411926891946 55.6667494325273),75
POINT (12.54946885063515 55.687483406621766),33
POINT (12.549520514436631 55.68528497067267),41
POINT (12.54959712173022 55.66421917509019),13
POINT (12.549638911553606 55.67213839439851),14
POINT (12.54974918563232 55.670512541271925),30
POINT (12.549763319742356 55.669758595742586),38
POINT (12.5497734692205 55.68639573525471),18
POINT (12.549792488240275 55.69387716081641),4
POINT (12.549890485410698 55.66849771018953),16
POINT (12.549892165061276 55.67122449727053),33
POINT (12.550026451030096 55.66926030192834),27
POINT (12.550044713731292 55.665348408060936),9
POINT (12.550049251423133 55.66622810698692),13
POINT (12.550093126842745 55.695646477607006),19
POINT (12.550150181213965 55.66749379969317),30
POINT (12.550285871385151 55.69475209044479),23
POINT (12.550412642623208 55.695492270334285),29
POINT (12.550461556687399 55.68710589521594),35
POINT (12.550509239532468 55.672086240700146),16
POINT (12.550630080948366 55.68558316823905),50
POINT (12.55064899690253 55.66461298700776),20
POINT (12.550698574662292 55.69431558167064),69
POINT (12.550834619822224 55.666718304280444),47
POINT (12.55092350365728 55.6859835868917),42
POINT (12.55098099761636 55.66609730186611),17
POINT (12.551155570287369 55.66818787104433),5
POINT (12.55115809029606 55.66918366183998),55
POINT (12.551207002167958 55.69660462689325),4
POINT (12.551306658145304 55.66696604269947),19
POINT (12.551332219512265 55.66866124707671),63
POINT (12.5514087758833 55.665847410027816),10
POINT (12.55145367306644 55.66795097881535),13
POINT (12.551519291645517 55.68711574399938),13
POINT (12.55159616180485 55.69262073651617),77
POINT (12.551609962792435 55.68668853968094),34
POINT (12.55164593807869 55.66530241426773),25
POINT (12.551682672763484 55.695402673546475),15
POINT (12.551682863949889 55.693859224818546),40
POINT (12.551697642775743 55.69664601296514),12
POINT (12.551827387522058 55.67218794916206),18
POINT (12.552002594355336 55.67136105505508),39
POINT (12.552012936039729 55.69475690139768),13
POINT (12.55208862142448 55.67048098534071),12
POINT (12.552094724972838 55.696083315841385),12
POINT (12.55216572891828 55.69748988018159),10
POINT (12.552170919945487 55.667481140250686),20
POINT (12.552290885346663 55.664604605268906),16
POINT (12.552360484606288 55.66580294657763),27
POINT (12.552419092487956 55.6666945342699),6
POINT (12.55248380249426 55.6933266438848),36
POINT (12.552575712117868 55.6709003477622),38
POINT (12.552646433476749 55.69508521310337),9
POINT (12.552648643913587 55.67172770758025),68
POINT (12.55269544431609 55.69752870759466),21
POINT (12.552708798428938 55.69409862383791),22
POINT (12.552768783639843 55.66943954779659),11
POINT (12.552807654653805 55.66641396464372),12
POINT (12.552815105786639 55.68615457521039),29
POINT (12.552981314517135 55.68714589733779),29
POINT (12.55302294514585 55.669004138866995),48
POINT (12.553065058451551 55.6966181941022),14
POINT (12.553081802427794 55.6945323001345),25
POINT (12.553094028009001 55.66809490401616),36
POINT (12.553115869489893 55.69829228351244),3
POINT (12.55313500233243 55.688853770828224),6
POINT (12.55316665443487 55.667385781089266),13
POINT (12.553207212921416 55.665226836264466),31
POINT (12.553425730468637 55.69554622291824),15
POINT (12.553517725206577 55.689546998515056),43
POINT (12.553527532264884 55.68846166861299),20
POINT (12.553578027800109 55.69254670186269),56
POINT (12.553586720955382 55.687308558089676),29
POINT (12.553593793502596 55.69832548650879),21
POINT (12.553600459571365 55.69390117108387),14
POINT (12.553613519164447 55.66681021609723),20
POINT (12.553625025852888 55.6660803622835),34
POINT (12.553895185924336 55.669443509562704),37
POINT (12.553917896859046 55.66739093703327),1
POINT (12.553924448729985 55.6890217108097),31
POINT (12.554021057630138 55.69473497643382),17
POINT (12.55420168153197 55.69014892070793),74
POINT (12.554256380154458 55.68485777703243),15
POINT (12.554270106067898 55.68605096290806),43
POINT (12.554286187601122 55.66904697079194),40
POINT (12.554307754115792 55.67109653511613),33
POINT (12.554311662446311 55.668242768411915),35
POINT (12.554325545312697 55.665563630544504),15
POINT (12.554328503728506 55.68212558877428),33
POINT (12.554339275452035 55.69106835399008),13
POINT (12.554348042678056 55.666548166909074),17
POINT (12.554367897895567 55.69231115085305),48
POINT (12.554374550617656 55.68257021180431),35
POINT (12.554441287083737 55.696700148267745),8
POINT (12.554465760911356 55.698063454641634),24
POINT (12.554489682138746 55.69716767028914),7
POINT (12.554607720881714 55.68989370299897),11
POINT (12.554657901358473 55.665873098485704),28
POINT (12.554679405529587 55.695754650057154),13
POINT (12.554699446611409 55.66492586403836),25
POINT (12.554728151179686 55.67138718213803),45
POINT (12.554742159323 55.66951322053688),14
POINT (12.5548135890372 55.69395016685604),7
POINT (12.554901266249015 55.688606381047954),29
POINT (12.554945658988423 55.68340418293578),42
POINT (12.554992937538959 55.6703025188799),25
POINT (12.554996952309063 55.66654032020678),38
POINT (12.55501498960096 55.683121637298385),23
POINT (12.555077231201444 55.6927115885504),17
POINT (12.555115875572879 55.693544552218206),4
POINT (12.555162638684573 55.68618867199518),8
POINT (12.555177206432965 55.67346751851568),26
POINT (12.555178540169926 55.681753235913526),15
POINT (12.555202382958294 55.68159305567384),25
POINT (12.55521586960399 55.69476117328735),18
POINT (12.555217571732019 55.66801496381721),2
POINT (12.555244962304432 55.66759155119667),13
POINT (12.555254320405105 55.69103245095011),44
POINT (12.55530840192631 55.66986446738464),55
POINT (12.555318554738646 55.665472812671254),48
POINT (12.555391358182534 55.69871213014598),3
POINT (12.555397341900319 55.67386912641818),13
POINT (12.555433066940816 55.698422349039944),17
POINT (12.555463237647995 55.689181353137045),31
POINT (12.555502723340062 55.669150002484734),50
POINT (12.555569053739426 55.666968265774656),29
POINT (12.555574153939078 55.665890185753064),37
POINT (12.55558160320977 55.682205626059655),38
POINT (12.555601680255165 55.67054318766514),29
POINT (12.555786857842635 55.700169420481096),2
POINT (12.555815709540363 55.68254933624246),25
POINT (12.555817716046278 55.68453884984522),17
POINT (12.555887811942402 55.69086853946739),17
POINT (12.55588853147193 55.6831208604956),36
POINT (12.555901860374338 55.696170777714215),27
POINT (12.555953663708099 55.69728973257009),13
POINT (12.556026066209979 55.6820636887889),72
POINT (12.556042993449191 55.692959624212484),29
POINT (12.556251386948071 55.685769934903654),7
POINT (12.556325764217723 55.666138647395535),23
POINT (12.556345431464159 55.68331835886635),5
POINT (12.556444711281745 55.6650749192428),36
POINT (12.556464208964277 55.66757581721232),36
POINT (12.556479083902332 55.67138020322483),84
POINT (12.556487874303143 55.69225439330453),3
POINT (12.556491100410758 55.69539172556189),23
POINT (12.556512089052287 55.67023107580618),21
POINT (12.556524219690026 55.685108240672136),23
POINT (12.556551916657133 55.69172325030167),39
POINT (12.55661925281603 55.691200980722755),37
POINT (12.556677743403533 55.6686919293914),36
POINT (12.5566789912867 55.68257126466639),22
POINT (12.5566967056133 55.68429066311128),37
POINT (12.556700278244602 55.69791044898089),6
POINT (12.556737929294343 55.67011788610296),46
POINT (12.556823980924833 55.68295806824195),25
POINT (12.556851679495278 55.66952452379175),34
POINT (12.556863429029676 55.674049582801125),60
POINT (12.556874576733748 55.673845919508885),66
POINT (12.55690215443675 55.671237850631314),67
POINT (12.556910836438428 55.68362710222548),14
POINT (12.556927456569458 55.67324956300098),37
POINT (12.55693366345061 55.698081861672215),3
POINT (12.556966208668554 55.667020688507066),50
POINT (12.557022896644854 55.68804252999145),151
POINT (12.55702487612149 55.697245820864396),36
POINT (12.557067197040329 55.70131383018354),11
POINT (12.557068571048525 55.66656561002542),12
POINT (12.557134303540268 55.69391621453699),18
POINT (12.557139539385254 55.665606508796664),30
POINT (12.557210166161159 55.68734606442146),37
POINT (12.557325137093816 55.69664643332794),6
POINT (12.557397500218197 55.668622237487966),42
POINT (12.557421032658729 55.66956375100271),30
POINT (12.557428637382055 55.6919490660131),52
POINT (12.557535146773478 55.672025888391296),29
POINT (12.557701803085541 55.7024237376701),3
POINT (12.557728512392297 55.66583955709867),19
POINT (12.557734348532946 55.68374387126576),15
POINT (12.557737914777658 55.68517955105527),33
POINT (12.557754748731243 55.68842239448621),29
POINT (12.557850691305676 55.66928436458057),20
POINT (12.557853548240928 55.68321890491566),9
POINT (12.557874584796176 55.677871751900454),14
POINT (12.557932262011754 55.67804450657107),4
POINT (12.557935552602181 55.69609753471379),14
POINT (12.55795256130439 55.68956735889455),8
POINT (12.558032878113195 55.70217694572914),11
POINT (12.558112036873142 55.670085833976195),35
POINT (12.558127629887384 55.6923462021398),44
POINT (12.558176640379004 55.69070358804628),37
POINT (12.558187211262057 55.671345297029916),65
POINT (12.55822040729364 55.68745279024806),23
POINT (12.55828334747505 55.69372021831341),36
POINT (12.558339888026627 55.66910678653421),19
POINT (12.55839974539578 55.696903259530245),18
POINT (12.5584315191541 55.69522586801798),5
POINT (12.558483725282631 55.666411818001585),4
POINT (12.558483964144168 55.69137453045443),75
POINT (12.558504853197709 55.69750265634913),4
POINT (12.558544292160798 55.69060695494183),18
POINT (12.55862732136273 55.684838787226155),12
POINT (12.558681228744534 55.68408688022357),25
POINT (12.558740303002805 55.670771889067034),7
POINT (12.558789028579037 55.675232165304315),151
POINT (12.558824527422447 55.67153350956145),77
POINT (12.558889231830339 55.67446296816567),47
POINT (12.558967430043632 55.675883776862655),131
POINT (12.558997091211909 55.69289903412953),18
POINT (12.559081793623529 55.69406708107929),23
POINT (12.559115657511985 55.67406970336394),33
POINT (12.559150295825036 55.67542939954038),53
POINT (12.559176266760609 55.6910664308322),18
POINT (12.559209722537586 55.671078810061886),33
POINT (12.559215056533144 55.670576693520964),11
POINT (12.559218394242329 55.67665732956554),92
POINT (12.559245805350534 55.69553047494756),9
POINT (12.559274909640981 55.66996470051049),5
POINT (12.559356616377963 55.67613171557109),153
POINT (12.559358153907356 55.690174843009544),22
POINT (12.559490594946459 55.696429762256),14
POINT (12.559497218955315 55.6948007459266),27
POINT (12.559553616726047 55.69198158707231),49
POINT (12.559577122137641 55.68525873096927),26
POINT (12.559583813779492 55.677111223263175),77
POINT (12.559737106722139 55.67441268292923),45
POINT (12.559785096909645 55.6970733521007),3
POINT (12.559992411695417 55.68926715784225),42
POINT (12.560075665599843 55.69342265309695),31
POINT (12.560090335482347 55.70401451755847),16
POINT (12.56009099929889 55.67895993351843),8
POINT (12.560103951609515 55.68887085511901),55
POINT (12.560126922250271 55.68680541921306),14
POINT (12.560175973074042 55.67520580356768),183
POINT (12.560315328934974 55.67979167777659),13
POINT (12.560326869538029 55.69415269444822),8
POINT (12.56035511019172 55.68592928520745),42
POINT (12.560358470600416 55.68992754945484),7
POINT (12.560378774639728 55.69474144460722),8
POINT (12.560456186351631 55.67682429534966),58
POINT (12.560460921698882 55.6895320376764),26
POINT (12.560492189560511 55.70491243004541),1
POINT (12.56062395870248 55.695160294964644),38
POINT (12.560650573628998 55.67400322051913),26
POINT (12.56066439794107 55.67101545783772),63
POINT (12.5608406739875 55.6919626341557),91
POINT (12.560866028374901 55.67065427896149),22
POINT (12.560882706780905 55.674062939744665),129
POINT (12.56088552170739 55.678410711851015),57
POINT (12.560901868005226 55.67295259867942),23
POINT (12.56093529599797 55.676485471489656),69
POINT (12.560935978006656 55.67148489781695),43
POINT (12.560965227270103 55.69308907038481),28
POINT (12.560998211087144 55.67166085885174),6
POINT (12.561060821060094 55.69392903295797),4
POINT (12.561106313857128 55.70491999938301),2
POINT (12.561115259689895 55.677136971640735),55
POINT (12.56116982846243 55.678116190112746),147
POINT (12.561190577127354 55.67865511528065),106
POINT (12.561206445510543 55.69517302674355),33
POINT (12.561343423496837 55.67205500865674),71
POINT (12.561348403401713 55.675959905803275),162
POINT (12.561353205754758 55.70567944022944),2
POINT (12.56136099252388 55.69385032872132),25
POINT (12.561407405257658 55.6797040257257),112
POINT (12.561437467428584 55.69757830207745),1
POINT (12.561448223743914 55.67832041563166),92
POINT (12.561450443177401 55.681946544765935),23
POINT (12.561483865743432 55.69485711694852),27
POINT (12.561506605999616 55.68803846185171),21
POINT (12.561634887525992 55.66670405805963),1
POINT (12.561649428108563 55.69865555899049),5
POINT (12.561656041968568 55.67968515272316),124
POINT (12.561681199311714 55.67132609925189),75
POINT (12.561760987351398 55.672935373903584),144
POINT (12.56176955090722 55.69110804503486),33
POINT (12.561781016082623 55.67391042037744),61
POINT (12.561816446559058 55.70011385750302),1
POINT (12.561832108527913 55.67177766316207),58
POINT (12.561876163012935 55.68683912005368),49
POINT (12.561921543590792 55.673518017408135),31
POINT (12.561947376135665 55.70125340586821),1
POINT (12.562003667931407 55.67469644368167),67
POINT (12.562030262755545 55.69755737343577),1
POINT (12.562057803127711 55.67684041278786),132
POINT (12.562074075976 55.672015337269244),20
POINT (12.562098898039007 55.70346232268565),3
POINT (12.562155105276153 55.67236797163409),101
POINT (12.562172816524862 55.680656814309415),25
POINT (12.562241000635446 55.67116335806593),12
POINT (12.562291194287251 55.6818761077477),61
POINT (12.562312092048531 55.70446861967591),5
POINT (12.562425169227554 55.68904181181135),40
POINT (12.562429685574875 55.66343839920506),42
POINT (12.562469689557792 55.691719725746246),30
POINT (12.56252910653025 55.670841796478044),21
POINT (12.562582293698021 55.67021431575511),68
POINT (12.56263145674143 55.68127284293766),40
POINT (12.562685232304528 55.678581917311455),27
POINT (12.562707713916378 55.67165203304515),120
POINT (12.562731948907105 55.697150590550144),1
POINT (12.562874207159908 55.691715508601696),78
POINT (12.56288049287774 55.688590919230734),36
POINT (12.563020605177043 55.67666139192852),30
POINT (12.563089810090757 55.698836323698146),45
POINT (12.563127319981975 55.67163075606247),145
POINT (12.563202663356849 55.687959149910604),8
POINT (12.563240028910094 55.66380860090253),17
POINT (12.563268939388356 55.68970931363783),54
POINT (12.563283910372878 55.676560901265205),17
POINT (12.563307463703742 55.67302086064873),50
POINT (12.563415437218936 55.703259046413905),36
POINT (12.563490838704322 55.684119369832025),8
POINT (12.563493217386956 55.67069023484952),47
POINT (12.563508965001839 55.683088961568984),39
POINT (12.563513169204077 55.678267788082216),55
POINT (12.563630123116642 55.70192757076755),42
POINT (12.563665399695399 55.69111970364785),28
POINT (12.5636783421739 55.69236526794623),3
POINT (12.563731144687042 55.681483986650626),55
POINT (12.563771009209239 55.67660658537712),27
POINT (12.563804839256063 55.68226924640005),67
POINT (12.563881795508717 55.66467635921397),2
POINT (12.563896000484936 55.67795921403838),14
POINT (12.563913878999735 55.69927464229565),29
POINT (12.563941945607086 55.69228386791877),61
POINT (12.564024154541782 55.69637785542208),39
POINT (12.564080823816997 55.67017506175936),41
POINT (12.564107252447135 55.689364472953685),24
POINT (12.564161158933818 55.670011091625724),45
POINT (12.564176370518227 55.680756996860616),11
POINT (12.564237148890255 55.688743767720034),24
POINT (12.564242144761984 55.690184195857285),56
POINT (12.56426402937481 55.66819857029238),31
POINT (12.564298109830895 55.68210670836932),30
POINT (12.564310616846265 55.684994729263586),11
POINT (12.564389245507627 55.70147723070855),50
POINT (12.56441148133755 55.699752131244075),39
POINT (12.564479266228854 55.680740454782686),53
POINT (12.564602458948722 55.67118701058643),27
POINT (12.564674807891217 55.67685348197834),58
POINT (12.564743625992033 55.68974294886455),26
POINT (12.564790188017907 55.67670200466925),80
POINT (12.564808892762851 55.69072597958082),53
POINT (12.5648522554394 55.681668497831495),23
POINT (12.564925940697606 55.69282647010127),67
POINT (12.564942846695288 55.69304034382868),7
POINT (12.565019389986132 55.668586513489615),14
POINT (12.56504384035463 55.68149417143131),89
POINT (12.565168270804124 55.70040941499269),63
POINT (12.565182780554402 55.66981033954968),84
POINT (12.56522180149589 55.6834459565631),106
POINT (12.565305456086007 55.69920023839507),139
POINT (12.56534899454322 55.69558278459137),112
POINT (12.56541067579612 55.70704926432339),1
POINT (12.56541392152953 55.69022798376575),22
POINT (12.565426677442389 55.68239692039687),33
POINT (12.565477511347185 55.66956305757761),14
POINT (12.565487363101816 55.704906935549324),44
POINT (12.565564060234086 55.705304494660226),15
POINT (12.56557653640952 55.678517044686515),134
POINT (12.565578383655179 55.676041579041666),5
POINT (12.56564549869816 55.69079795603166),18
POINT (12.565649593217717 55.6822824016025),58
POINT (12.56598431635851 55.68507452634243),69
POINT (12.566026395622933 55.68415532344127),69
POINT (12.56602643640402 55.678597973744154),75
POINT (12.5660921437351 55.6914051585029),44
POINT (12.566107871340106 55.67782743364014),234
POINT (12.566308187377208 55.67917067888057),64
POINT (12.566514625526759 55.683621603113146),32
POINT (12.56656936709846 55.67970964019073),66
POINT (12.566577483030551 55.68455174223546),39
POINT (12.566615785288713 55.69482309163238),112
POINT (12.566635441808453 55.69840290634903),99
POINT (12.566636116369121 55.707275944819),13
POINT (12.56666769440555 55.677935130367835),48
POINT (12.56668788420065 55.68551527642283),35
POINT (12.566734990384575 55.67949948943218),40
POINT (12.566811950443626 55.68559545853576),12
POINT (12.566852689102262 55.68351707130821),16
POINT (12.566931172425047 55.69195662018589),43
POINT (12.56705626596921 55.686189311940325),7
POINT (12.567070787072064 55.69188981456922),7
POINT (12.567169973229836 55.68281083662001),7
POINT (12.567205170540614 55.67961764045707),17
POINT (12.567271893342786 55.704391308987),6
POINT (12.567281835410524 55.68631059414818),40
POINT (12.567395060107238 55.67726630182138),25
POINT (12.567416644367583 55.68036827922165),73
POINT (12.567473664109153 55.68676941685137),73
POINT (12.567491160062422 55.680107270846136),44
POINT (12.567491468917838 55.678819275326425),59
POINT (12.567515239273016 55.69787222379273),124
POINT (12.56772044333382 55.692631341141265),10
POINT (12.567757477070018 55.68473355667697),10
POINT (12.567873610411755 55.68571962372745),51
POINT (12.567889446166049 55.69438502041607),118
POINT (12.568096361099586 55.703511891867564),7
POINT (12.56818934691832 55.68097230986304),107
POINT (12.568266182602205 55.69479396416344),159
POINT (12.568266928337014 55.680402426761084),37
POINT (12.568282351370756 55.67953919784131),40
POINT (12.568297474053258 55.67818123949056),48
POINT (12.56829825925676 55.70758087245936),7
POINT (12.568352292259055 55.68376262005719),53
POINT (12.568447096410232 55.6808074051118),10
POINT (12.56846182630148 55.68637063993822),34
POINT (12.56859745210495 55.70368158971177),109
POINT (12.56867114589514 55.70730165373324),4
POINT (12.56881489357756 55.697095646533704),117
POINT (12.56881629215345 55.69310614914109),18
POINT (12.569117284165527 55.69360863649382),65
POINT (12.569128168056363 55.695064821128206),179
POINT (12.56918137066612 55.69532707271835),83
POINT (12.569283319470419 55.67707671784163),30
POINT (12.56933542473831 55.67856952289732),42
POINT (12.569351861112079 55.6792567978082),39
POINT (12.56945860635135 55.671079959731415),98
POINT (12.569536311821388 55.672131560806164),60
POINT (12.569572801020874 55.68002406797681),2
POINT (12.569724586504195 55.67807112696693),50
POINT (12.56988091492698 55.70274187209181),40
POINT (12.569933611302904 55.696420786394754),63
POINT (12.569968119596396 55.68500111645497),104
POINT (12.570048170859872 55.67258699558836),55
POINT (12.570175546693735 55.69580749271093),74
POINT (12.570186932123432 55.67065073826033),85
POINT (12.570215142798936 55.68426699089979),23
POINT (12.570278525428229 55.686686391583606),44
POINT (12.570332025178717 55.67008566199464),187
POINT (12.570343255439813 55.671348750637115),110
POINT (12.570349686267942 55.69334970748111),37
POINT (12.570367046760623 55.694375662383244),70
POINT (12.570500231091728 55.68650146116754),47
POINT (12.570554304383315 55.677469969971455),68
POINT (12.570557267264963 55.67904201620108),46
POINT (12.570587431102817 55.69291110684987),42
POINT (12.570593437939376 55.67205281622774),160
POINT (12.570614701078508 55.67408626468948),76
POINT (12.570677060993285 55.679658081895624),3
POINT (12.570786336968286 55.6725949621841),59
POINT (12.570808526352968 55.695898496438964),37
POINT (12.570899267008267 55.67790711615445),5
POINT (12.570925044856025 55.669315059220196),127
POINT (12.570983648945893 55.68929356961681),32
POINT (12.570998053079155 55.70712621597436),60
POINT (12.571150862167615 55.674316936716124),48
POINT (12.571151245137253 55.70198114630292),59
POINT (12.571241991515679 55.67169880544458),119
POINT (12.571271948666272 55.68443228028022),63
POINT (12.571326155638396 55.689544430935385),36
POINT (12.571457283879779 55.671077023118436),17
POINT (12.571499358188877 55.70782291027638),7
POINT (12.571514236979088 55.68502040204073),24
POINT (12.571597724470564 55.69657098494879),46
POINT (12.57165405597267 55.669625237561824),34
POINT (12.571676567701159 55.668781144770406),72
POINT (12.57171968507771 55.70822194338398),9
POINT (12.571721972949529 55.69362364402046),20
POINT (12.571737241483318 55.67697818369514),54
POINT (12.571739006523746 55.68993720617969),23
POINT (12.571765025829393 55.70633617495179),56
POINT (12.571803621548124 55.67641405160984),146
POINT (12.571956025113561 55.69525169463652),55
POINT (12.572000579304222 55.69656572589725),53
POINT (12.572058839543947 55.687899348854046),43
POINT (12.572156778682729 55.67580114394065),105
POINT (12.57218803299704 55.6876506021208),61
POINT (12.57236655339022 55.66912124248949),20
POINT (12.572371399288146 55.68923764220731),27
POINT (12.572415411262266 55.690205949806085),29
POINT (12.572455194909034 55.67213360056413),47
POINT (12.572522023384678 55.6943034890624),12
POINT (12.572581838304275 55.67189644505227),63
POINT (12.572589835901281 55.70125575831849),24
POINT (12.572654970282667 55.675368410556864),112
POINT (12.572665592562222 55.67900255632159),179
POINT (12.572719502925628 55.69027643417459),29
POINT (12.572746757592652 55.6883450733606),61
POINT (12.572750432055475 55.696029643114436),56
POINT (12.572846690780379 55.69140809127251),2
POINT (12.572866787884173 55.671103300142605),33
POINT (12.572949280156601 55.70764154181696),13
POINT (12.573091268840102 55.70601599917527),63
POINT (12.5731061398973 55.70813618905061),17
POINT (12.573106810590431 55.679258720786514),143
POINT (12.573135799472489 55.70709908456205),17
POINT (12.573191707909979 55.678717026445064),29
POINT (12.573200731741444 55.69724382497197),22
POINT (12.57320326932814 55.69064951018093),22
POINT (12.573218136161426 55.688349973480015),15
POINT (12.57324398929724 55.67338587282356),37
POINT (12.57324521568988 55.68924459291336),20
POINT (12.573329290941231 55.67632232814569),49
POINT (12.573356826485885 55.67148751124566),68
POINT (12.57341988048724 55.67366680944171),54
POINT (12.57354052194533 55.69622575509686),42
POINT (12.573609300183854 55.66431897027414),13
POINT (12.573622270637903 55.70501834912935),56
POINT (12.573641393016258 55.700520398630985),55
POINT (12.573667512332044 55.69770614124757),27
POINT (12.573694901639414 55.691957869593224),7
POINT (12.573814303267941 55.70088649136198),109
POINT (12.57385277440352 55.66360292215449),108
POINT (12.573869555391 55.67191450961366),107
POINT (12.573919154847118 55.675856248731215),5
POINT (12.574004713638281 55.68161508733122),47
POINT (12.574029847418354 55.68334457893451),39
POINT (12.574172618640715 55.677031557837125),70
POINT (12.574197509321765 55.67736961225432),16
POINT (12.574217489754794 55.70870347716824),18
POINT (12.574284501413072 55.67132348889109),36
POINT (12.57431486618512 55.67937168928124),13
POINT (12.57438204043561 55.67795781413715),38
POINT (12.574435521978804 55.672273781676786),72
POINT (12.574462139363877 55.683771457701155),63
POINT (12.574467128944065 55.70770186239114),22
POINT (12.57449214651313 55.70840647703944),22
POINT (12.574534657024524 55.665036606084804),57
POINT (12.574607396872716 55.697989787623136),92
POINT (12.57461023512256 55.69660971020838),54
POINT (12.574635545213816 55.70484670759201),113
POINT (12.574644546826395 55.692517897651115),9
POINT (12.574678929459644 55.67307445579853),23
POINT (12.574679576506215 55.681255475067154),39
POINT (12.574899155437373 55.673682036897496),52
POINT (12.574913014010715 55.663353162551935),42
POINT (12.574917681640402 55.67999818624733),37
POINT (12.574961962395294 55.67240381332218),23
POINT (12.575049165144163 55.67114861389061),23
POINT (12.575069021658985 55.7002086220418),13
POINT (12.575120333810322 55.677301205368465),25
POINT (12.57520270387819 55.69717535082352),27
POINT (12.575249630381025 55.69965704936432),20
POINT (12.575277673450646 55.6835114889162),48
POINT (12.57529776970152 55.69857113855871),11
POINT (12.575303858743178 55.7072145031273),9
POINT (12.575320368726379 55.665581712427354),49
POINT (12.575327296239 55.708210244348344),23
POINT (12.575328797911673 55.67432516787727),62
POINT (12.575330212662102 55.69310467879765),4
POINT (12.575333402234167 55.67916294054072),41
POINT (12.575365552173226 55.677907527713394),63
POINT (12.575412487164837 55.684191397100754),4
POINT (12.575414192600979 55.67118528440272),33
POINT (12.575500504850705 55.70895152932615),25
POINT (12.575551355533023 55.67306535130842),20
POINT (12.57565405734598 55.690673529546935),22
POINT (12.575690990045533 55.66282249215511),50
POINT (12.57572309197656 55.69856381944027),58
POINT (12.57572677152162 55.69112078665832),25
POINT (12.575806091077519 55.6652565637882),32
POINT (12.575868448805698 55.69372423704128),9
POINT (12.575979003542017 55.690979176683044),20
POINT (12.57602636007959 55.707804242791),7
POINT (12.576045925728433 55.706807126537974),27
POINT (12.57605630587315 55.70498844987561),85
POINT (12.576070742885722 55.67615883769228),105
POINT (12.576074189814413 55.676767574100765),69
POINT (12.576104735216793 55.67248582685895),6
POINT (12.576114008591729 55.671336878924414),49
POINT (12.576135109812181 55.68384073195166),15
POINT (12.576163667106394 55.6722766280626),8
POINT (12.576173815308469 55.67514837973006),20
POINT (12.576192674310505 55.68992901911671),48
POINT (12.576200863211415 55.70871368000427),9
POINT (12.576228903052868 55.66627506134812),117
POINT (12.576278524775692 55.681963872309716),39
POINT (12.576278609578578 55.66476170289374),38
POINT (12.57638531209379 55.68313640500777),96
POINT (12.576475109061926 55.692881583481785),6
POINT (12.57649465809367 55.67282960921089),22
POINT (12.57651909680683 55.66551894964211),110
POINT (12.576572300102573 55.678168122591366),25
POINT (12.576573444026193 55.66243453438291),123
POINT (12.576632438695254 55.69767053001478),41
POINT (12.576662101567482 55.67711871420737),8
POINT (12.576697375364713 55.66417780091721),52
POINT (12.57679511963204 55.691878669243636),23
POINT (12.576819361186757 55.707235165614506),12
POINT (12.57686840037085 55.708311951532494),27
POINT (12.576872630719418 55.66349038135323),45
POINT (12.576918000157256 55.67448291804719),40
POINT (12.576929187376072 55.66597776113312),69
POINT (12.576955490397948 55.690032958247194),17
POINT (12.576970971460229 55.676732879338815),136
POINT (12.577000487107062 55.6803680560109),19
POINT (12.577036134214204 55.666578103384005),50
POINT (12.5770417855097 55.67777718824921),10
POINT (12.577074864478636 55.67954292452081),92
POINT (12.577228174864716 55.70590320787213),61
POINT (12.57722998922777 55.70701587122206),29
POINT (12.577234718958621 55.70771969166932),55
POINT (12.577239406730325 55.683716398239824),70
POINT (12.577240199820775 55.70175378235317),38
POINT (12.577241511930154 55.70370695139028),50
POINT (12.577242731417229 55.70277054191179),41
POINT (12.577268014031599 55.664636785184335),47
POINT (12.577312188133583 55.70055220255465),110
POINT (12.57734982056684 55.698175091443844),34
POINT (12.577369219791885 55.66193525384624),56
POINT (12.57744146652769 55.68271844759653),105
POINT (12.577480937166694 55.66530594169293),19
POINT (12.577576897080236 55.70536456878713),58
POINT (12.577583408127582 55.70623868157238),46
POINT (12.57758377998925 55.707445501204226),65
POINT (12.577589386337513 55.708076436985735),21
POINT (12.577600421154084 55.70118126427168),126
POINT (12.577601129793328 55.69483441915578),20
POINT (12.57761311380961 55.70314516526295),105
POINT (12.577618340557269 55.700387335538295),89
POINT (12.577622560160467 55.691334546249614),63
POINT (12.577670627239671 55.69045434549454),22
POINT (12.57767612347071 55.702070083687275),12
POINT (12.577714173194247 55.69423178409209),18
POINT (12.577743555901538 55.673840222874),44
POINT (12.577783831036674 55.66291675411014),12
POINT (12.577790076852661 55.6674907733619),44
POINT (12.577841744709872 55.666808138288005),63
POINT (12.577844021649545 55.69349668642967),11
POINT (12.57789413913083 55.66635569052938),26
POINT (12.577899921564791 55.67156814273024),45
POINT (12.577946991565804 55.680126901133285),28
POINT (12.578085654324148 55.665661066187134),39
POINT (12.578106663887585 55.70790867171329),21
POINT (12.578130821689708 55.69345260731953),11
POINT (12.57813284102377 55.69204297711394),19
POINT (12.578205688872098 55.70203409380874),23
POINT (12.57822265152393 55.67399130305309),23
POINT (12.578262869019696 55.70687286422797),32
POINT (12.578306212885487 55.70166432778562),23
POINT (12.57831389693614 55.665277773483524),12
POINT (12.57833899209813 55.698240159753865),33
POINT (12.578379210233694 55.70591705852251),17
POINT (12.578384262585688 55.66789817061366),21
POINT (12.578409708017533 55.66216948527847),39
POINT (12.57844111444718 55.7001840223967),16
POINT (12.578448865125734 55.66475096904864),23
POINT (12.578472277790654 55.66717992427096),16
POINT (12.578476585563648 55.70451383888991),42
POINT (12.578485704861768 55.70852538678607),23
POINT (12.578492487363315 55.68102377499769),3
POINT (12.578497520287257 55.705042056548436),29
POINT (12.578509208312356 55.66425580976014),30
POINT (12.57851981268557 55.66594718041275),53
POINT (12.578587689786453 55.69440456218776),19
POINT (12.578601566397468 55.66311806045504),22
POINT (12.578605135815025 55.70313470698762),7
POINT (12.578616266642205 55.7000907483334),67
POINT (12.578620372636186 55.68235636709391),145
POINT (12.578622862268853 55.67707602629267),66
POINT (12.57863448249392 55.66574567491101),39
POINT (12.578676465101445 55.66701287777492),15
POINT (12.578699435209058 55.673041097337816),23
POINT (12.578707167960735 55.70560549309209),20
POINT (12.578718188411365 55.69540211745882),19
POINT (12.578718906100312 55.665251564689555),53
POINT (12.578720888304055 55.663990399302314),11
POINT (12.578817310820734 55.67346806759192),40
POINT (12.578876860358012 55.67845274433906),4
POINT (12.578914885720053 55.70352311503169),28
POINT (12.578917473824776 55.67465421704284),19
POINT (12.57892525818603 55.69972990077918),31
POINT (12.578929591534406 55.69092019887587),21
POINT (12.578969616697744 55.66348543973808),14
POINT (12.578986226249203 55.69883929580931),21
POINT (12.578992958225045 55.69177916423252),26
POINT (12.579008631369685 55.692449610494364),30
POINT (12.579059321048225 55.69453132530515),35
POINT (12.579202291398113 55.70609866002142),43
POINT (12.579218072161162 55.66851152758945),92
POINT (12.57924132938403 55.70270558036569),34
POINT (12.579261340344653 55.66773673627662),57
POINT (12.579279540089559 55.70151813085212),11
POINT (12.579303037286527 55.70671305686621),25
POINT (12.579307398641689 55.681653478944035),90
POINT (12.579358608886922 55.69522576557208),18
POINT (12.579365616968174 55.66245722618786),7
POINT (12.579382077059913 55.708043207690444),25
POINT (12.579396943566179 55.680707836712614),9
POINT (12.579455002850676 55.683140817612646),47
POINT (12.57946922746591 55.67292615772597),49
POINT (12.57947721178591 55.70074149037742),47
POINT (12.579518692428934 55.69835510555879),25
POINT (12.579544208274633 55.70472786336384),61
POINT (12.579557339662664 55.682499173714284),42
POINT (12.579576459914438 55.697164786768816),61
POINT (12.579619081674084 55.68111323079119),48
POINT (12.57963361686067 55.705592433038674),30
POINT (12.579645001411897 55.70222770742451),16
POINT (12.57967870355733 55.708601437721455),14
POINT (12.579716624286329 55.70065450757313),49
POINT (12.579857121725206 55.70771702261427),14
POINT (12.579867678177578 55.664080452520054),19
POINT (12.579880130765343 55.698929331766855),67
POINT (12.57993328731746 55.66593055450494),52
POINT (12.579934086059579 55.669107609235844),42
POINT (12.57994776262635 55.66549402931761),85
POINT (12.579993993108047 55.703609809878216),47
POINT (12.580009460110999 55.7053038962597),56
POINT (12.58003761389025 55.66360808355676),27
POINT (12.580072753423552 55.697818493803666),43
POINT (12.580099614272122 55.70003231810365),35
POINT (12.580149402616996 55.70696868386141),34
POINT (12.580202365927383 55.70259129199797),20
POINT (12.580221141247147 55.682223184763046),14
POINT (12.580261786081401 55.701666395994074),31
POINT (12.580290534791411 55.66855276523553),33
POINT (12.580296025814958 55.68821824260729),15
POINT (12.580313207734381 55.69142647923725),38
POINT (12.580325567023555 55.68166278269749),63
POINT (12.580393794641045 55.68852599384346),1
POINT (12.580410975674805 55.707912484790796),32
POINT (12.580438349761279 55.69841698721874),36
POINT (12.580450167647705 55.70051001137086),13
POINT (12.58045402193555 55.66273725205857),25
POINT (12.580474233766338 55.70860411816555),34
POINT (12.580487534369729 55.70904640358942),33
POINT (12.580490800980336 55.680622031388936),26
POINT (12.580548973457923 55.66505943959694),37
POINT (12.580567058490862 55.68107113711157),18
POINT (12.58062070040293 55.663974072332074),21
POINT (12.580667221072943 55.69998548675175),29
POINT (12.580743518188006 55.70120512173173),26
POINT (12.580751067210795 55.692277099130955),32
POINT (12.580807861654911 55.70141853535471),32
POINT (12.58081302948872 55.69745777303369),68
POINT (12.580850347995286 55.702277794433876),32
POINT (12.580904741914518 55.66309711498967),20
POINT (12.580942297791315 55.69876252408919),33
POINT (12.580950953311595 55.70737656560132),33
POINT (12.581031333451877 55.68197019184258),48
POINT (12.581108553661055 55.69928467401837),70
POINT (12.58114927391035 55.70454953994713),19
POINT (12.581156893291183 55.664184713811004),21
POINT (12.581163534756017 55.706882773574456),41
POINT (12.581267763490265 55.700335231664184),14
POINT (12.581307772697802 55.66355831153575),29
POINT (12.581329918545094 55.68042196487563),35
POINT (12.581342811647039 55.66499764627771),26
POINT (12.581356218101927 55.69494255134024),46
POINT (12.581358946148702 55.70630686896899),21
POINT (12.581372295346673 55.6887471553309),4
POINT (12.581384170740204 55.70375784797334),22
POINT (12.581439820004018 55.69656932840049),31
POINT (12.581455655113785 55.66471957194119),20
POINT (12.581500594881806 55.70922194594418),21
POINT (12.581531566055416 55.708517832009576),17
POINT (12.581639626635386 55.68367036849194),30
POINT (12.581643558382822 55.68196301284528),79
POINT (12.58167880246048 55.70119819384744),21
POINT (12.581740221915817 55.696810730613414),21
POINT (12.581776834200864 55.682455455197214),24
POINT (12.581780114870153 55.70245832786878),8
POINT (12.581781709572482 55.695084243912866),49
POINT (12.581833806855803 55.70724105598587),20
POINT (12.58184470946497 55.698588530512225),55
POINT (12.581853850437994 55.692670297876155),8
POINT (12.582020250319951 55.692111393348725),22
POINT (12.582025604409248 55.68017067794873),80
POINT (12.58205211982777 55.69764128557978),38
POINT (12.582053484301088 55.67922051891793),68
POINT (12.582072888092139 55.68418072226835),30
POINT (12.582076786619966 55.664008368513116),19
POINT (12.582113569976954 55.68913467925579),5
POINT (12.58211852445901 55.68164948467731),135
POINT (12.582135962571835 55.67778520575221),57
POINT (12.58213831372281 55.70621897861154),42
POINT (12.582157882710291 55.66727318520029),16
POINT (12.58221046222394 55.708050575280616),30
POINT (12.582243605395808 55.678391624141426),30
POINT (12.582269621007308 55.67742081199017),54
POINT (12.58227753069522 55.70745286291416),7
POINT (12.582278607934725 55.69693044688393),25
POINT (12.582309927791888 55.70544959677014),42
POINT (12.582368370413258 55.70031613586297),20
POINT (12.582383925751772 55.70902097794387),20
POINT (12.58238961102729 55.687173195092846),28
POINT (12.582482905868792 55.70176312425845),13
POINT (12.582526609647928 55.70922388491688),16
POINT (12.582573972595243 55.663654992902),10
POINT (12.582663292785263 55.706642526369855),16
POINT (12.58267309086125 55.664203118946595),26
POINT (12.582682588042251 55.69788046580371),53
POINT (12.582737399784527 55.69424230717676),30
POINT (12.582741976881998 55.70469915398856),21
POINT (12.582742203880917 55.70233191400099),30
POINT (12.582872987598769 55.68290522140173),72
POINT (12.582886460109703 55.70374999667353),15
POINT (12.5830153219697 55.707329043863396),15
POINT (12.583049988541475 55.693177609044156),51
POINT (12.583051751450578 55.70302346550346),6
POINT (12.583066716481735 55.699686706255406),16
POINT (12.583074411513016 55.68798490163612),14
POINT (12.583077164406136 55.67761817900043),81
POINT (12.58308202517155 55.664803176080866),38
POINT (12.583095058339373 55.68087549389936),147
POINT (12.583129016681996 55.68541420572007),55
POINT (12.583132228605589 55.702310333922966),70
POINT (12.583134991790379 55.6984406781568),15
POINT (12.583149641102244 55.67587495792634),14
POINT (12.583187893670459 55.6706445700271),28
POINT (12.58319216496922 55.70638668092621),13
POINT (12.583207673161034 55.68465510390184),27
POINT (12.58321810447425 55.692499316774544),31
POINT (12.58322853949775 55.66407662606436),17
POINT (12.583323537536057 55.68977452662634),2
POINT (12.583331251923397 55.67534039897113),115
POINT (12.58333249475246 55.70866030175013),37
POINT (12.583341537946806 55.70802297218914),19
POINT (12.58337438960486 55.68698797767995),36
POINT (12.583392868920008 55.689605449381176),11
POINT (12.583434105554115 55.68170390276117),6
POINT (12.58347198616756 55.68359668224582),8
POINT (12.583486989793117 55.679532421510544),12
POINT (12.58353094362023 55.67825326374634),57
POINT (12.583569860188407 55.707884754423716),9
POINT (12.583627465370245 55.70081365594175),3
POINT (12.583670998605674 55.69666974972222),37
POINT (12.58367543128825 55.68868758545364),16
POINT (12.58368458072112 55.698694431690015),29
POINT (12.583748933002218 55.6665994280974),15
POINT (12.583757897514587 55.69404668649142),17
POINT (12.583783891216678 55.70384281796922),31
POINT (12.583866842068785 55.69799089350615),19
POINT (12.583899362782772 55.70560934679697),26
POINT (12.583902525785541 55.68230244495763),180
POINT (12.583925713101753 55.684393519253796),37
POINT (12.583978798251621 55.697137915245236),34
POINT (12.584053105904 55.70846146416718),15
POINT (12.584077675317689 55.680731976418436),78
POINT (12.584081545701492 55.684575850864704),87
POINT (12.584093189300862 55.67530817418375),116
POINT (12.584105148053359 55.68117125828449),29
POINT (12.584135334410753 55.686669176086426),22
POINT (12.584145718199867 55.7032443255445),9
POINT (12.584176199416952 55.70475701737482),32
POINT (12.584183738504553 55.688236173408285),9
POINT (12.584190636303193 55.69737808759736),21
POINT (12.584197095451872 55.69985725919382),6
POINT (12.584207002057106 55.687427749734624),18
POINT (12.584267525282218 55.70707445839436),40
POINT (12.58431517285599 55.70268690952384),18
POINT (12.58432190674611 55.70660413696617),24
POINT (12.58432955201718 55.68788584501181),13
POINT (12.584354931230376 55.67510261629357),194
POINT (12.584377610146786 55.67868046255023),26
POINT (12.584410374636693 55.6780931374639),44
POINT (12.584412079585885 55.6967506375987),23
POINT (12.58441824769132 55.68290211780709),224
POINT (12.584423694826908 55.6816051523005),8
POINT (12.584457995481639 55.6927493315472),7
POINT (12.584541721671057 55.68730115021712),15
POINT (12.58457076780608 55.689507482814),9
POINT (12.584614083134083 55.7076564080912),12
POINT (12.584632792844143 55.69699974313678),20
POINT (12.58464903238971 55.70628505761241),27
POINT (12.584681033892455 55.7005760703215),1
POINT (12.584683492302034 55.69891994713354),29
POINT (12.58470726151559 55.70806716701868),9
POINT (12.584848738711539 55.70187338557452),2
POINT (12.584860355134026 55.685557928735506),24
POINT (12.584890592952927 55.68526064839318),46
POINT (12.584908006048192 55.70523849727749),21
POINT (12.584912428693759 55.70859917821154),5
POINT (12.584953057293005 55.70306416249158),62
POINT (12.584974911568318 55.68880072745614),8
POINT (12.584986496154528 55.66607739539047),13
POINT (12.58501805216482 55.6983656068403),22
POINT (12.585033142162269 55.67838707720317),33
POINT (12.58503830805163 55.70410630086665),18
POINT (12.58510582117081 55.68367288461388),169
POINT (12.585106963262334 55.68772651979323),11
POINT (12.585125087684354 55.68937792717214),4
POINT (12.585149310243724 55.70456437390614),27
POINT (12.585193965246106 55.70358503246366),16
POINT (12.585211939673808 55.683027158546984),86
POINT (12.585296215401408 55.7067194827706),18
POINT (12.585306883164797 55.66532173215515),4
POINT (12.58532722151657 55.68565427133354),40
POINT (12.585332326055115 55.70303097070146),56
POINT (12.585338703528084 55.688225637384214),7
POINT (12.585431529912722 55.70576901365309),15
POINT (12.585434086240012 55.68709647527537),10
POINT (12.585438290205722 55.70818338722458),18
POINT (12.585444316084452 55.697486807126374),27
POINT (12.585463495914135 55.70010864007203),5
POINT (12.585499717576374 55.68626898781642),36
POINT (12.585500803766049 55.6977204806549),6
POINT (12.585506133143816 55.670428842330054),31
POINT (12.585561282282766 55.69877388611822),9
POINT (12.585574266051282 55.707247670592004),19
POINT (12.585602323058906 55.69000526552698),1
POINT (12.585606088554655 55.6966215060547),16
POINT (12.585665073146421 55.68457630152696),25
POINT (12.585940427528248 55.70912773429301),19
POINT (12.585946009297423 55.69302037500199),111
POINT (12.585958507813258 55.701386584883416),7
POINT (12.585967231829365 55.68319251707977),102
POINT (12.585979983607496 55.6877344990436),5
POINT (12.58600051901629 55.68450717840108),32
POINT (12.58602239179735 55.693703989150116),14
POINT (12.586044460342373 55.707541794410616),2
POINT (12.586067954762948 55.68224931690423),43
POINT (12.58620483117419 55.687405853375),11
POINT (12.58621438085864 55.68897635640401),10
POINT (12.586214740516843 55.70052408032636),10
POINT (12.586216328992245 55.67845745033338),72
POINT (12.586231398180812 55.68682211480015),18
POINT (12.586249080257243 55.68393570210213),9
POINT (12.5862567940759 55.69930343243342),14
POINT (12.586260049602442 55.70476511658222),7
POINT (12.586260675395051 55.688364460327655),4
POINT (12.586266256177344 55.708377273303),14
POINT (12.586320456256185 55.68607974351732),15
POINT (12.58634121858274 55.67092947511265),21
POINT (12.586343808170158 55.69419620192472),13
POINT (12.586416288700383 55.697727837396386),27
POINT (12.586422236756025 55.681175872540884),18
POINT (12.586506378277422 55.68372022816322),14
POINT (12.586517455466504 55.70537447019231),19
POINT (12.586525902286255 55.6965186123034),23
POINT (12.586530161141457 55.698579768936504),32
POINT (12.58653658329934 55.703818520916144),10
POINT (12.586566450881334 55.70788508843992),35
POINT (12.58659321738145 55.68287871501967),29
POINT (12.586632346774001 55.69700896443276),4
POINT (12.58671744021842 55.709350062092035),22
POINT (12.586725171963648 55.690232583236906),6
POINT (12.586730050403077 55.689583376858685),2
POINT (12.586745634169565 55.685582762294175),42
POINT (12.586760345701835 55.70322896522202),42
POINT (12.586786730010108 55.67202991249431),23
POINT (12.586791609781706 55.66636095677655),27
POINT (12.586811562541243 55.68672465726292),10
POINT (12.586817290407364 55.693680305699345),71
POINT (12.586826211870685 55.70601390745819),24
POINT (12.586875241781824 55.70340623723102),39
POINT (12.586880356633392 55.67018948908836),56
POINT (12.586899526793912 55.67672497609644),56
POINT (12.58692475383952 55.68721463603567),3
POINT (12.586937353444839 55.66369247273522),13
POINT (12.586977662816698 55.69804534549935),23
POINT (12.58699431587243 55.70699544633063),39
POINT (12.587050554074722 55.708759044465616),39
POINT (12.587088846276469 55.69789716720197),27
POINT (12.587128397632226 55.704322060568884),13
POINT (12.587128425523478 55.706774776111885),24
POINT (12.587130915148645 55.70031236308684),27
POINT (12.58715039049173 55.699153201633194),6
POINT (12.58716652771331 55.70168836430002),2
POINT (12.587193351493541 55.69446777847769),20
POINT (12.58726693049223 55.677732877042615),6
POINT (12.587329601154462 55.67826108760477),48
POINT (12.587346007431547 55.68846912676601),4
POINT (12.587347859195262 55.68736587439095),3
POINT (12.58735241001662 55.686350906431656),13
POINT (12.587398178334613 55.7048210000112),9
POINT (12.587470976162392 55.6817206801753),12
POINT (12.587488654590826 55.66659603643821),9
POINT (12.587528444456828 55.69969670650441),20
POINT (12.587578418456431 55.69856801412838),9
POINT (12.587604820234434 55.69058469063006),54
POINT (12.587620238579776 55.70094399867077),10
POINT (12.587645596716888 55.679248869648404),46
POINT (12.587650774048925 55.70598887796788),28
POINT (12.587659002296524 55.696425067684594),9
POINT (12.587669531355212 55.69505882633604),3
POINT (12.587782592266441 55.68655982648768),25
POINT (12.58779164021431 55.693492125332455),17
POINT (12.587822618468945 55.68795789703416),5
POINT (12.587833654060736 55.68433479841054),32
POINT (12.587833849850737 55.67747733076234),45
POINT (12.587880982230262 55.68348503890269),44
POINT (12.587885082333267 55.69433053290686),16
POINT (12.587897343874275 55.69716697756607),32
POINT (12.587938760320387 55.689143369672294),10
POINT (12.587955792544507 55.6870685435668),3
POINT (12.587998535028213 55.7039637148188),27
POINT (12.588019341707863 55.67049842575223),2
POINT (12.588032406168354 55.68948684865705),9
POINT (12.588042141086165 55.7096838590961),31
POINT (12.588042551897555 55.694999875449525),12
POINT (12.58805222398043 55.689865999459194),5
POINT (12.588061278239891 55.69893391608067),24
POINT (12.588091408046113 55.68598942307956),37
POINT (12.588133752941738 55.681863456446656),12
POINT (12.588136268561893 55.6887129082938),5
POINT (12.588137675603503 55.70845658396302),18
POINT (12.588160648956054 55.67203999906612),15
POINT (12.588272037210903 55.70706644154559),31
POINT (12.588272098599553 55.70916803813041),13
POINT (12.588336570350245 55.69820189194087),11
POINT (12.588337148414734 55.67875827170932),63
POINT (12.58834551191501 55.66996859202461),12
POINT (12.588351057166516 55.7044771617414),8
POINT (12.58838792793266 55.68015554334214),17
POINT (12.588398717359535 55.70280624665673),10
POINT (12.588404532605633 55.67324906740737),70
POINT (12.588502277440302 55.67686459464415),21
POINT (12.58850281149826 55.663735984353885),13
POINT (12.588556005570416 55.687482060434604),17
POINT (12.588627522769906 55.68786877496767),5
POINT (12.588631331142341 55.670877452331965),10
POINT (12.588638726243035 55.70744769620864),25
POINT (12.588662690457273 55.69572111653638),8
POINT (12.588665500611626 55.70694302247268),10
POINT (12.588680181776123 55.69846857502309),5
POINT (12.588694253766622 55.679565232477856),48
POINT (12.588710106033002 55.70119301857869),7
POINT (12.588735652746315 55.70064009243605),15
POINT (12.588742065619735 55.694651164140446),5
POINT (12.588767061310852 55.70218824722705),16
POINT (12.588788203323737 55.699258480103325),15
POINT (12.588811417617885 55.68618580333544),34
POINT (12.588844868559002 55.70359756153522),12
POINT (12.588896496654582 55.70839681676172),10
POINT (12.588923395642414 55.69418182357307),13
POINT (12.588946658033935 55.686931705715715),25
POINT (12.588958480969517 55.68565616332186),11
POINT (12.588988698051823 55.681206297812025),35
POINT (12.588996556752681 55.686657971865266),32
POINT (12.589021301492657 55.701231524508735),17
POINT (12.58906059709871 55.69658448243964),4
POINT (12.58912919899102 55.68816494846281),8
POINT (12.589138821727596 55.69000602044872),12
POINT (12.589146515047211 55.67179116146275),19
POINT (12.589177654552515 55.6703807745223),10
POINT (12.589180401651234 55.67920099753391),34
POINT (12.58925418098894 55.69735651239305),22
POINT (12.589262116804257 55.69035135180879),15
POINT (12.589289910889311 55.69843246221975),6
POINT (12.589301792790142 55.702371460839736),20
POINT (12.589309788213866 55.6775753697065),121
POINT (12.58932101740796 55.706151313153406),63
POINT (12.589371728518959 55.671331659449365),24
POINT (12.589386435354106 55.67835891528228),27
POINT (12.589407061407867 55.68753128120241),12
POINT (12.589424811145534 55.6893229798948),32
POINT (12.589429135344838 55.67824550002773),23
POINT (12.589467274006587 55.7074009351209),5
POINT (12.5894722941566 55.669610675794914),9
POINT (12.589477752345717 55.67288629824448),12
POINT (12.589509327787182 55.696012958292265),19
POINT (12.589554794792088 55.70007752705646),9
POINT (12.589580578703515 55.681886042060704),108
POINT (12.589640058438684 55.692422190226466),2
POINT (12.589665472304002 55.69529252584557),7
POINT (12.589690044697747 55.696863265876246),8
POINT (12.589694298302947 55.700780441600116),12
POINT (12.58969723773701 55.688759494214246),13
POINT (12.589718881374466 55.70351462384246),13
POINT (12.589728233009941 55.684520747443784),36
POINT (12.58986833821011 55.70142892184353),3
POINT (12.58986927830794 55.69476066788212),13
POINT (12.589870631223217 55.704008090241615),22
POINT (12.58987337524854 55.680907820562254),12
POINT (12.589897834578379 55.686767468774015),7
POINT (12.589919129867459 55.69957534743634),11
POINT (12.58995594178008 55.703020389638),16
POINT (12.589978999667567 55.66356887178389),2
POINT (12.589994227175646 55.67075105182088),15
POINT (12.590000789655651 55.68821063143588),55
POINT (12.590060525533362 55.68418989151035),23
POINT (12.590082927503353 55.67412121314642),24
POINT (12.590099625669362 55.67966464703614),15
POINT (12.590112666737257 55.700202330197705),13
POINT (12.590123011081982 55.66333110287939),4
POINT (12.59014633156821 55.671798794553226),39
POINT (12.590164020667103 55.68999425266818),26
POINT (12.590167362914139 55.67235314561136),30
POINT (12.590174051716026 55.67714800864342),24
POINT (12.590202224639624 55.6713770904765),23
POINT (12.590210767641882 55.68593604226355),19
POINT (12.590220455103141 55.681447788251106),55
POINT (12.590225055878605 55.70372984686221),17
POINT (12.590247158318348 55.69965806346142),13
POINT (12.590249151498398 55.68519789968012),33
POINT (12.590250108875221 55.68955027512098),22
POINT (12.59025945791987 55.69557558143303),13
POINT (12.59028704208352 55.68202843471642),79
POINT (12.590320883007248 55.698200743768005),1
POINT (12.590345603078813 55.69628458307746),6
POINT (12.590382988265755 55.704659248711806),19
POINT (12.590446835562853 55.67019272880204),22
POINT (12.590469283175818 55.69730210411986),11
POINT (12.590616805117948 55.67885827756184),75
POINT (12.590681622239426 55.67795432600318),71
POINT (12.59071073234206 55.68567519110255),20
POINT (12.590736425528974 55.69781579488035),11
POINT (12.590780994490318 55.673646953140825),19
POINT (12.59082395581307 55.70220111666585),4
POINT (12.590931230681509 55.69700358918598),17
POINT (12.590940486189801 55.68898783272333),21
POINT (12.590946681159519 55.6852916107381),1
POINT (12.59096366988438 55.67416691676163),14
POINT (12.590992305404972 55.670968730691584),25
POINT (12.590995414441577 55.68802917350901),43
POINT (12.591005924616915 55.69885186652515),3
POINT (12.591041311529814 55.7025990891548),25
POINT (12.5910886201195 55.67139401475365),19
POINT (12.591126829337888 55.68147139038072),66
POINT (12.591181065802601 55.68916513547098),11
POINT (12.591208849624392 55.70109859119598),5
POINT (12.591249349696698 55.67069378706735),52
POINT (12.591266229243415 55.68749419037504),30
POINT (12.591282359687453 55.67486044954967),30
POINT (12.591282440138237 55.688674816710915),48
POINT (12.591291149213115 55.700502410621006),13
POINT (12.591306382482859 55.69910690446751),8
POINT (12.591382287088821 55.69982760210139),20
POINT (12.591385562674043 55.69653032893414),31
POINT (12.591406433504742 55.68438095996296),51
POINT (12.591498375728628 55.67781970755515),23
POINT (12.59150812017673 55.67318179593347),99
POINT (12.591568063001471 55.678447511575804),75
POINT (12.591591546456748 55.698355570768385),8
POINT (12.59166601044591 55.69736302232866),5
POINT (12.591686684455624 55.687420314008655),23
POINT (12.591714646752594 55.672745734841534),81
POINT (12.591715140009393 55.67375796722109),6
POINT (12.591788519816083 55.671025752830154),60
POINT (12.591800507292673 55.6886638293165),27
POINT (12.591841333721044 55.6633583969668),2
POINT (12.59192197781732 55.682294216745554),60
POINT (12.591928669147727 55.67033997826828),21
POINT (12.591967833737712 55.67528815674646),28
POINT (12.591972523479123 55.68814892939362),19
POINT (12.591974532066196 55.68157854231185),56
POINT (12.59199704062405 55.68546669797365),7
POINT (12.592006994035359 55.686515097564644),18
POINT (12.592027724930457 55.66311434029551),2
POINT (12.592092596231005 55.68070588637005),22
POINT (12.592108333928838 55.67913069754382),16
POINT (12.592124397951352 55.682847205185155),71
POINT (12.59214751676914 55.67965804518914),30
POINT (12.592258508296494 55.67444232422082),40
POINT (12.592425929434588 55.687678456425665),2
POINT (12.592509521415467 55.67855641188637),103
POINT (12.59268179879552 55.66785095321652),30
POINT (12.592783742006992 55.67396961070741),47
POINT (12.592794469387991 55.66634408521959),6
POINT (12.592835612911426 55.67073152406617),8
POINT (12.592895861777293 55.67483409019331),54
POINT (12.593059812698886 55.68509925959454),30
POINT (12.59312842645654 55.670659593293095),64
POINT (12.593325936916457 55.672965488967414),70
POINT (12.593448317529464 55.68085194758895),65
POINT (12.593464144005411 55.673764398767524),30
POINT (12.593523270484495 55.68100074988611),49
POINT (12.593529372339862 55.68212967457689),26
POINT (12.593611207786664 55.66568881897465),17
POINT (12.593705332691087 55.67216768418259),5
POINT (12.593747693404651 55.67925707443767),38
POINT (12.593844697836957 55.68021797999364),64
POINT (12.593900277716209 55.674581703543964),9
POINT (12.593985682311732 55.67422334587626),37
POINT (12.594061972939498 55.66805228216308),26
POINT (12.594100570163553 55.67323062387245),69
POINT (12.594158824833784 55.667748523607344),15
POINT (12.59417031101186 55.68537218426699),77
POINT (12.594274678698213 55.68770567971107),30
POINT (12.594473029270079 55.68792187032299),80
POINT (12.594823003148623 55.671966272750964),74
POINT (12.594950611519481 55.66376916539948),22
POINT (12.594987595784662 55.68412558392477),48
POINT (12.595081864856713 55.67477844682126),22
POINT (12.595174380111121 55.68650011622038),12
POINT (12.59523131696744 55.673784117007045),152
POINT (12.595409779463568 55.66314729476031),29
POINT (12.595627704149775 55.68670176020744),42
POINT (12.595747480940222 55.685110086542686),40
POINT (12.595826344784323 55.664716562525456),44
POINT (12.59585172776364 55.68739308149204),23
POINT (12.59591054964116 55.68789730359394),5
POINT (12.595930047185417 55.666727028373465),17
POINT (12.595956635727225 55.66517999407729),26
POINT (12.595961989272867 55.6661314835702),1
POINT (12.596016645798993 55.664092047275176),11
POINT (12.596040973784495 55.688067968368806),16
POINT (12.59618822396029 55.68533324500179),8
POINT (12.596197996793348 55.68742466811819),27
POINT (12.596280371048573 55.66737242880687),32
POINT (12.596497223105565 55.6654507883243),26
POINT (12.596591712931213 55.66326093404284),23
POINT (12.596625493245023 55.66804108047546),32
POINT (12.596820336114424 55.66622197732883),8
POINT (12.596822134457891 55.66429051766878),30
POINT (12.596966118863829 55.66514281861808),30
POINT (12.597064166498606 55.688450864744645),164
POINT (12.597306213304666 55.68821108516336),35
POINT (12.597313068356764 55.66655898548024),32
POINT (12.597345783814575 55.663599136833945),13
POINT (12.597483796751657 55.666483859811315),49
POINT (12.597522932358203 55.665752939629044),65
POINT (12.597667769213981 55.668141493718096),84
POINT (12.597751459069192 55.66308902056196),29
POINT (12.597756089951453 55.664419953128665),33
POINT (12.597950569785116 55.67510462341967),99
POINT (12.59798245590007 55.66235316770924),5
POINT (12.59823367568849 55.66186298315967),29
POINT (12.59826983179038 55.668755357880585),26
POINT (12.598294060524088 55.66781007035725),85
POINT (12.598363386034592 55.66522189468481),9
POINT (12.598370956086406 55.66380786852901),22
POINT (12.5988579204294 55.67583762592978),71
POINT (12.598963006014191 55.66702403280004),88
POINT (12.598971184392676 55.66139649121876),17
POINT (12.598987288282837 55.668138711893626),35
POINT (12.599037316790037 55.66868245403683),9
POINT (12.599047493573755 55.66473147633016),124
POINT (12.59906388937633 55.66209763537485),20
POINT (12.599210953962547 55.66668479553559),31
POINT (12.599227740410045 55.663435434029395),18
POINT (12.599397244408134 55.66693633338366),15
POINT (12.599624468091394 55.66292749570864),25
POINT (12.599671262251976 55.66089827038323),20
POINT (12.599808499912912 55.66407333855863),27
POINT (12.599947638996621 55.67613242432251),34
POINT (12.60013148262262 55.666913496066684),19
POINT (12.600156309021934 55.66373887021763),19
POINT (12.600172981254874 55.667444560700616),40
POINT (12.600296562946632 55.66126209746403),8
POINT (12.600298834659242 55.665519631736515),15
POINT (12.600571511565517 55.666287164049116),16
POINT (12.600805137011086 55.66257586849205),83
POINT (12.600813648240534 55.66728967736547),21
POINT (12.60117750579475 55.662011672971964),11
POINT (12.601217392014654 55.66491133767783),55
POINT (12.601229407444904 55.66339067798366),34
POINT (12.601291173425725 55.66723467366332),4
POINT (12.60129528245279 55.65906284987368),13
POINT (12.60132306186831 55.661745914163774),10
POINT (12.601474966982188 55.65983822574707),9
POINT (12.601824308166087 55.666284422890485),32
POINT (12.60199171462269 55.66243357540536),37
POINT (12.601996471466782 55.6596909863322),17
POINT (12.602111550719608 55.66099622351196),12
POINT (12.602238639215182 55.661814425351054),133
POINT (12.602273565010325 55.6675657488469),3
POINT (12.60233140352824 55.66375885244975),25
POINT (12.602371353713508 55.667815091918776),16
POINT (12.602520072299384 55.660441618652825),19
POINT (12.602541007535898 55.66298462118677),40
POINT (12.602614317089882 55.66438328495843),28
POINT (12.602821442285867 55.66526198848693),59
POINT (12.602924013239694 55.65938634997559),27
POINT (12.602984859092905 55.6640042446331),26
POINT (12.603167223597078 55.66250336999539),91
POINT (12.60317123748655 55.66123417490019),16
POINT (12.603391748476518 55.6645431419831),28
POINT (12.603456737309685 55.658624294783515),24
POINT (12.60360093046128 55.66110063098007),53
POINT (12.603739779073132 55.664339634873386),6
POINT (12.603766575170182 55.66037857221075),43
POINT (12.60386762605369 55.66195814730149),10
POINT (12.603981963363198 55.65921160979194),84
POINT (12.604034627535757 55.66797268622762),3
POINT (12.604118286170092 55.65808444073395),6
POINT (12.604134885987373 55.6622221951506),100
POINT (12.604624147516901 55.6641903566011),52
POINT (12.604657821295683 55.661561427938196),51
POINT (12.604980820507505 55.666929039186215),6
POINT (12.605106556969366 55.6587060265814),44
POINT (12.605111913921661 55.65784640290345),25
POINT (12.605318659087953 55.66133907760503),44
POINT (12.605411773698144 55.66537550005842),15
POINT (12.605453059819618 55.66195569700151),25
POINT (12.605659242962238 55.65846537146111),29
POINT (12.605660134550684 55.6625938258049),73
POINT (12.605685203606848 55.66466228498785),19
POINT (12.605692087733754 55.66075995741266),133
POINT (12.606114212017943 55.66534228760507),3
POINT (12.606149558260231 55.66626562753427),7
POINT (12.60622542726429 55.66402995260326),10
POINT (12.606505191624207 55.66170666208022),9
POINT (12.60663315737329 55.664618716725265),18
POINT (12.606872506761894 55.66129696138749),5
POINT (12.606921877063206 55.6641508522941),5
POINT (12.60715399440454 55.66639253938838),6
POINT (12.607205905169208 55.66215177217926),15
POINT (12.607249347946288 55.66255603034074),43
POINT (12.60726404663634 55.6597041598522),40
POINT (12.607379008615554 55.66046824785136),24
POINT (12.607408266858416 55.659950486641705),3
POINT (12.607688909945024 55.66491889709738),41
POINT (12.607773623884661 55.66122830267945),12
POINT (12.607930752782922 55.66422097222342),24
POINT (12.607964010690134 55.659952612677486),31
POINT (12.608033682837684 55.658979125494255),60
POINT (12.608152351125002 55.66199130628576),32
POINT (12.608320295171772 55.66065459461923),10
POINT (12.608517445853618 55.66530901743965),27
POINT (12.608655287172452 55.66235084600387),21
POINT (12.608759777769853 55.65944640885797),27
POINT (12.609016628146225 55.66448240852963),5
POINT (12.609031651131799 55.666797341327076),1
POINT (12.609192163137212 55.66029660410012),28
POINT (12.609208150116027 55.659665227235955),9
POINT (12.60954563327309 55.66360300593079),7
POINT (12.610277234983833 55.66204102557327),13
POINT (12.61027957054757 55.6622517938961),1
POINT (12.610299663264597 55.66145254853103),48
POINT (12.610323268048184 55.66306094511253),15
POINT (12.610428700040819 55.66250090342285),12
POINT (12.610670099281412 55.66155359052964),5
POINT (12.611145107475382 55.66074034408418),10
POINT (12.611799825239766 55.66176412828434),8
POINT (12.611816961640692 55.661468433233686),6
POINT (12.611869807586611 55.661965940876655),3
POINT (12.612135381509617 55.66071217875152),15
POINT (12.612823085405251 55.66096246421756),19
